200.11 , 7.905e-13
200.16 , 1.401e-11
200.21 , 2.196e-10
200.26 , 3.041e-9
200.31 , 3.723e-8
200.36 , 4.028e-7
200.41 , 3.853e-6
200.46 , 3.258e-5
200.51 , 2.434e-4
200.56 , 1.608e-3
200.61 , 9.391e-3
200.66 , 4.847e-2
200.72 , 2.953e-1
200.77 , 1.162e+0
200.82 , 4.048e+0
200.87 , 1.247e+1
200.92 , 3.405e+1
200.97 , 8.252e+1
201.02 , 1.781e+2
201.07 , 3.449e+2
201.12 , 6.053e+2
201.17 , 9.800e+2
201.22 , 1.498e+3
201.27 , 2.210e+3
201.32 , 3.187e+3
201.37 , 4.464e+3
201.42 , 5.952e+3
201.47 , 7.376e+3
201.52 , 8.333e+3
201.57 , 8.469e+3
201.62 , 7.684e+3
201.67 , 6.197e+3
201.72 , 4.431e+3
201.77 , 2.806e+3
201.82 , 1.573e+3
201.87 , 7.824e+2
201.92 , 3.546e+2
201.97 , 1.783e+2
202.02 , 1.904e+2
202.07 , 4.270e+2
202.12 , 1.068e+3
202.17 , 2.478e+3
202.22 , 5.213e+3
202.27 , 9.907e+3
202.32 , 1.698e+4
202.37 , 2.618e+4
202.42 , 3.623e+4
202.47 , 4.492e+4
202.52 , 4.977e+4
202.57 , 4.920e+4
202.62 , 4.334e+4
202.67 , 3.399e+4
202.72 , 2.374e+4
202.77 , 1.483e+4
202.82 , 8.399e+3
202.87 , 4.521e+3
202.92 , 2.610e+3
202.97 , 1.918e+3
203.02 , 1.833e+3
203.07 , 2.019e+3
203.12 , 2.499e+3
203.17 , 3.821e+3
203.22 , 7.303e+3
203.27 , 1.526e+4
203.32 , 3.091e+4
203.37 , 5.756e+4
203.42 , 9.688e+4
203.47 , 1.469e+5
203.52 , 2.008e+5
203.57 , 2.477e+5
203.62 , 2.763e+5
203.67 , 2.789e+5
203.72 , 2.548e+5
203.77 , 2.106e+5
203.82 , 1.572e+5
203.87 , 1.060e+5
203.92 , 6.508e+4
203.97 , 3.794e+4
204.02 , 2.502e+4
204.07 , 2.551e+4
204.12 , 3.882e+4
204.17 , 6.415e+4
204.22 , 9.867e+4
204.27 , 1.360e+5
204.32 , 1.666e+5
204.37 , 1.811e+5
204.42 , 1.747e+5
204.47 , 1.496e+5
204.52 , 1.136e+5
204.57 , 7.656e+4
204.62 , 4.582e+4
204.67 , 2.437e+4
204.72 , 1.156e+4
204.77 , 4.923e+3
204.82 , 1.918e+3
204.87 , 7.185e+2
204.92 , 3.129e+2
204.97 , 2.891e+2
205.02 , 6.497e+2
205.07 , 1.787e+3
205.12 , 4.606e+3
205.17 , 1.063e+4
205.22 , 2.185e+4
205.27 , 3.989e+4
205.32 , 6.473e+4
205.37 , 9.332e+4
205.42 , 1.195e+5
205.47 , 1.360e+5
205.52 , 1.376e+5
205.57 , 1.236e+5
205.62 , 9.862e+4
205.67 , 6.993e+4
205.72 , 4.405e+4
205.77 , 2.465e+4
205.82 , 1.226e+4
205.87 , 5.434e+3
205.92 , 2.172e+3
205.97 , 8.380e+2
206.02 , 4.032e+2
206.07 , 3.384e+2
206.12 , 4.031e+2
206.17 , 4.895e+2
206.22 , 5.451e+2
206.27 , 5.481e+2
206.32 , 5.033e+2
206.37 , 4.355e+2
206.42 , 3.761e+2
206.47 , 3.458e+2
206.52 , 3.459e+2
206.57 , 3.601e+2
206.62 , 3.657e+2
206.67 , 3.475e+2
206.72 , 3.046e+2
206.77 , 2.489e+2
206.82 , 1.962e+2
206.87 , 1.569e+2
206.92 , 1.323e+2
206.97 , 1.165e+2
207.02 , 1.023e+2
207.07 , 8.504e+1
207.12 , 6.491e+1
207.17 , 4.473e+1
207.22 , 2.766e+1
207.27 , 1.554e+1
207.32 , 8.818e+0
207.37 , 7.888e+0
207.42 , 1.519e+1
207.47 , 3.769e+1
207.52 , 8.886e+1
207.57 , 1.883e+2
207.62 , 3.557e+2
207.67 , 5.988e+2
207.72 , 8.978e+2
207.77 , 1.199e+3
207.82 , 1.426e+3
207.87 , 1.511e+3
207.92 , 1.426e+3
207.97 , 1.199e+3
208.02 , 8.983e+2
208.07 , 6.004e+2
208.12 , 3.602e+2
208.17 , 1.993e+2
208.22 , 1.134e+2
208.27 , 8.696e+1
208.32 , 1.064e+2
208.37 , 1.661e+2
208.42 , 2.715e+2
208.47 , 4.399e+2
208.52 , 6.970e+2
208.57 , 1.064e+3
208.62 , 1.533e+3
208.67 , 2.046e+3
208.72 , 2.491e+3
208.77 , 2.742e+3
208.82 , 2.712e+3
208.87 , 2.403e+3
208.92 , 1.907e+3
208.97 , 1.358e+3
209.02 , 8.801e+2
209.07 , 5.436e+2
209.12 , 3.614e+2
209.17 , 3.065e+2
209.22 , 3.334e+2
209.27 , 3.937e+2
209.32 , 4.461e+2
209.37 , 4.651e+2
209.42 , 4.477e+2
209.47 , 4.155e+2
209.52 , 4.074e+2
209.57 , 4.657e+2
209.62 , 6.169e+2
209.67 , 8.557e+2
209.72 , 1.137e+3
209.77 , 1.384e+3
209.82 , 1.521e+3
209.87 , 1.504e+3
209.92 , 1.361e+3
209.97 , 1.203e+3
210.02 , 1.248e+3
210.07 , 1.865e+3
210.12 , 3.628e+3
210.17 , 7.321e+3
210.22 , 1.375e+4
210.27 , 2.330e+4
210.32 , 3.534e+4
210.37 , 4.793e+4
210.42 , 5.806e+4
210.47 , 6.284e+4
210.52 , 6.075e+4
210.57 , 5.247e+4
210.62 , 4.052e+4
210.67 , 2.807e+4
210.72 , 1.777e+4
210.77 , 1.117e+4
210.82 , 9.028e+3
210.87 , 1.198e+4
210.92 , 2.093e+4
210.97 , 3.671e+4
211.02 , 5.903e+4
211.07 , 8.530e+4
211.12 , 1.103e+5
211.17 , 1.275e+5
211.22 , 1.319e+5
211.27 , 1.219e+5
211.32 , 1.008e+5
211.37 , 7.463e+4
211.42 , 4.964e+4
211.47 , 2.998e+4
211.52 , 1.696e+4
211.57 , 9.716e+3
211.62 , 6.419e+3
211.67 , 5.240e+3
211.72 , 4.869e+3
211.77 , 4.650e+3
211.82 , 4.566e+3
211.87 , 5.199e+3
211.92 , 7.730e+3
211.97 , 1.389e+4
212.02 , 2.564e+4
212.07 , 4.443e+4
212.12 , 7.007e+4
212.17 , 9.985e+4
212.22 , 1.288e+5
212.27 , 1.518e+5
212.32 , 1.656e+5
212.37 , 1.712e+5
212.42 , 1.721e+5
212.47 , 1.719e+5
212.52 , 1.708e+5
212.57 , 1.661e+5
212.62 , 1.540e+5
212.67 , 1.328e+5
212.72 , 1.049e+5
212.77 , 7.510e+4
212.82 , 4.849e+4
212.87 , 2.820e+4
212.92 , 1.483e+4
212.97 , 7.246e+3
213.02 , 3.826e+3
213.07 , 3.626e+3
213.12 , 7.271e+3
213.17 , 1.787e+4
213.22 , 4.192e+4
213.27 , 8.957e+4
213.32 , 1.727e+5
213.37 , 2.995e+5
213.42 , 4.668e+5
213.47 , 6.532e+5
213.52 , 8.200e+5
213.57 , 9.233e+5
213.62 , 9.323e+5
213.67 , 8.440e+5
213.72 , 6.850e+5
213.77 , 4.983e+5
213.82 , 3.249e+5
213.87 , 1.899e+5
213.92 , 9.944e+4
213.97 , 4.668e+4
214.02 , 1.964e+4
214.07 , 7.406e+3
214.12 , 2.507e+3
214.17 , 7.715e+2
214.22 , 2.398e+2
214.27 , 1.325e+2
214.32 , 2.116e+2
214.37 , 5.001e+2
214.42 , 1.238e+3
214.47 , 2.986e+3
214.52 , 6.776e+3
214.57 , 1.417e+4
214.62 , 2.698e+4
214.67 , 4.645e+4
214.72 , 7.206e+4
214.77 , 1.005e+5
214.82 , 1.260e+5
214.87 , 1.419e+5
214.92 , 1.435e+5
214.97 , 1.303e+5
215.02 , 1.063e+5
215.07 , 7.805e+4
215.12 , 5.163e+4
215.17 , 3.088e+4
215.22 , 1.679e+4
215.27 , 8.382e+3
215.32 , 3.897e+3
215.37 , 1.720e+3
215.42 , 7.356e+2
215.47 , 3.089e+2
215.52 , 1.275e+2
215.57 , 5.189e+1
215.62 , 2.328e+1
215.67 , 1.870e+1
215.72 , 3.275e+1
215.77 , 7.057e+1
215.82 , 1.441e+2
215.87 , 2.677e+2
215.92 , 4.527e+2
215.97 , 7.061e+2
216.02 , 1.043e+3
216.07 , 1.522e+3
216.12 , 2.296e+3
216.17 , 3.653e+3
216.22 , 5.979e+3
216.27 , 9.604e+3
216.32 , 1.455e+4
216.37 , 2.028e+4
216.42 , 2.568e+4
216.47 , 2.939e+4
216.52 , 3.029e+4
216.57 , 2.809e+4
216.62 , 2.342e+4
216.67 , 1.756e+4
216.72 , 1.183e+4
216.77 , 7.166e+3
216.82 , 3.902e+3
216.87 , 1.910e+3
216.92 , 8.416e+2
216.97 , 3.379e+2
217.02 , 1.350e+2
217.07 , 8.227e+1
217.12 , 1.160e+2
217.17 , 2.265e+2
217.22 , 4.314e+2
217.27 , 7.573e+2
217.32 , 1.237e+3
217.37 , 1.948e+3
217.42 , 3.131e+3
217.47 , 5.421e+3
217.52 , 1.016e+4
217.57 , 1.963e+4
217.62 , 3.687e+4
217.67 , 6.477e+4
217.72 , 1.043e+5
217.77 , 1.527e+5
217.82 , 2.024e+5
217.87 , 2.430e+5
217.92 , 2.644e+5
217.97 , 2.613e+5
218.02 , 2.355e+5
218.07 , 1.947e+5
218.12 , 1.490e+5
218.17 , 1.066e+5
218.22 , 7.214e+4
218.27 , 4.659e+4
218.32 , 2.883e+4
218.37 , 1.709e+4
218.42 , 9.747e+3
218.47 , 5.691e+3
218.52 , 4.326e+3
218.57 , 5.667e+3
218.62 , 1.037e+4
218.67 , 1.961e+4
218.72 , 3.471e+4
218.77 , 5.665e+4
218.82 , 8.574e+4
218.87 , 1.220e+5
218.92 , 1.658e+5
218.97 , 2.184e+5
219.02 , 2.801e+5
219.07 , 3.480e+5
219.12 , 4.128e+5
219.17 , 4.600e+5
219.22 , 4.748e+5
219.27 , 4.493e+5
219.32 , 3.873e+5
219.37 , 3.029e+5
219.42 , 2.146e+5
219.47 , 1.378e+5
219.52 , 8.036e+4
219.57 , 4.285e+4
219.62 , 2.114e+4
219.67 , 9.869e+3
219.72 , 4.515e+3
219.77 , 2.127e+3
219.82 , 1.104e+3
219.87 , 6.873e+2
219.92 , 5.412e+2
219.97 , 5.094e+2
220.02 , 5.079e+2
220.07 , 4.907e+2
220.12 , 4.397e+2
220.17 , 3.591e+2
220.22 , 2.658e+2
220.27 , 1.783e+2
220.32 , 1.110e+2
220.37 , 7.456e+1
220.42 , 8.863e+1
220.47 , 2.113e+2
220.52 , 5.976e+2
220.57 , 1.598e+3
220.62 , 3.882e+3
220.67 , 8.523e+3
220.72 , 1.689e+4
220.77 , 3.024e+4
220.82 , 4.886e+4
220.87 , 7.128e+4
220.92 , 9.389e+4
220.97 , 1.117e+5
221.02 , 1.199e+5
221.07 , 1.163e+5
221.12 , 1.019e+5
221.17 , 8.069e+4
221.22 , 5.800e+4
221.27 , 3.830e+4
221.32 , 2.438e+4
221.37 , 1.751e+4
221.42 , 1.840e+4
221.47 , 2.820e+4
221.52 , 4.856e+4
221.57 , 8.071e+4
221.62 , 1.235e+5
221.67 , 1.718e+5
221.72 , 2.165e+5
221.77 , 2.468e+5
221.82 , 2.543e+5
221.87 , 2.368e+5
221.92 , 1.992e+5
221.97 , 1.514e+5
222.02 , 1.040e+5
222.07 , 6.461e+4
222.12 , 3.641e+4
222.17 , 1.891e+4
222.22 , 9.641e+3
222.27 , 5.897e+3
222.32 , 5.565e+3
222.37 , 7.307e+3
222.42 , 1.036e+4
222.47 , 1.434e+4
222.52 , 1.921e+4
222.57 , 2.532e+4
222.62 , 3.334e+4
222.67 , 4.381e+4
222.72 , 5.646e+4
222.77 , 6.969e+4
222.82 , 8.068e+4
222.87 , 8.634e+4
222.92 , 8.463e+4
222.97 , 7.562e+4
223.02 , 6.147e+4
223.07 , 4.543e+4
223.12 , 3.054e+4
223.17 , 1.873e+4
223.22 , 1.051e+4
223.27 , 5.421e+3
223.32 , 2.592e+3
223.37 , 1.159e+3
223.42 , 4.902e+2
223.47 , 1.987e+2
223.52 , 8.175e+1
223.57 , 5.081e+1
223.62 , 9.459e+1
223.67 , 2.908e+2
223.72 , 8.851e+2
223.77 , 2.462e+3
223.82 , 6.206e+3
223.87 , 1.416e+4
223.92 , 2.927e+4
223.97 , 5.477e+4
224.02 , 9.281e+4
224.07 , 1.424e+5
224.12 , 1.982e+5
224.17 , 2.502e+5
224.22 , 2.878e+5
224.27 , 3.038e+5
224.32 , 2.995e+5
224.37 , 2.852e+5
224.42 , 2.768e+5
224.47 , 2.888e+5
224.52 , 3.268e+5
224.57 , 3.834e+5
224.62 , 4.407e+5
224.67 , 4.768e+5
224.72 , 4.754e+5
224.77 , 4.326e+5
224.82 , 3.577e+5
224.87 , 2.683e+5
224.92 , 1.824e+5
224.97 , 1.124e+5
225.02 , 6.278e+4
225.07 , 3.180e+4
225.12 , 1.461e+4
225.17 , 6.116e+3
225.22 , 2.362e+3
225.27 , 8.904e+2
225.32 , 3.944e+2
225.37 , 2.686e+2
225.42 , 2.613e+2
225.47 , 2.747e+2
225.52 , 2.739e+2
225.57 , 2.500e+2
225.62 , 2.073e+2
225.67 , 1.559e+2
225.72 , 1.066e+2
225.77 , 6.691e+1
225.82 , 4.063e+1
225.87 , 2.906e+1
225.92 , 3.387e+1
225.97 , 5.947e+1
226.02 , 1.138e+2
226.07 , 2.067e+2
226.12 , 3.447e+2
226.17 , 5.253e+2
226.22 , 7.307e+2
226.27 , 9.288e+2
226.32 , 1.080e+3
226.37 , 1.152e+3
226.42 , 1.128e+3
226.47 , 1.018e+3
226.52 , 8.490e+2
226.57 , 6.562e+2
226.62 , 4.716e+2
226.67 , 3.157e+2
226.72 , 1.972e+2
226.77 , 1.149e+2
226.82 , 6.241e+1
226.87 , 3.199e+1
226.92 , 1.726e+1
226.97 , 1.623e+1
227.02 , 3.636e+1
227.07 , 1.057e+2
227.12 , 2.945e+2
227.17 , 7.504e+2
227.22 , 1.737e+3
227.27 , 3.652e+3
227.32 , 6.972e+3
227.37 , 1.209e+4
227.42 , 1.903e+4
227.47 , 2.719e+4
227.52 , 3.530e+4
227.57 , 4.161e+4
227.62 , 4.455e+4
227.67 , 4.332e+4
227.72 , 3.826e+4
227.77 , 3.071e+4
227.82 , 2.240e+4
227.87 , 1.486e+4
227.92 , 8.964e+3
227.97 , 4.926e+3
228.02 , 2.468e+3
228.07 , 1.130e+3
228.12 , 4.754e+2
228.17 , 1.873e+2
228.22 , 7.669e+1
228.27 , 4.757e+1
228.32 , 5.922e+1
228.37 , 9.807e+1
228.42 , 1.602e+2
228.47 , 2.411e+2
228.52 , 3.307e+2
228.57 , 4.127e+2
228.62 , 4.694e+2
228.67 , 4.881e+2
228.72 , 4.683e+2
228.77 , 4.249e+2
228.82 , 3.880e+2
228.87 , 4.063e+2
228.92 , 5.606e+2
228.97 , 9.949e+2
229.02 , 1.960e+3
229.07 , 3.841e+3
229.12 , 7.122e+3
229.17 , 1.224e+4
229.22 , 1.929e+4
229.27 , 2.780e+4
229.32 , 3.652e+4
229.37 , 4.368e+4
229.42 , 4.754e+4
229.47 , 4.707e+4
229.52 , 4.239e+4
229.57 , 3.472e+4
229.62 , 2.587e+4
229.67 , 1.752e+4
229.72 , 1.079e+4
229.77 , 6.047e+3
229.82 , 3.081e+3
229.87 , 1.427e+3
229.92 , 6.014e+2
229.97 , 2.304e+2
230.02 , 8.029e+1
230.07 , 2.544e+1
230.12 , 7.331e+0
230.17 , 1.921e+0
230.22 , 4.578e-1
230.27 , 9.920e-2
230.32 , 1.955e-2
230.37 , 3.503e-3
230.42 , 5.710e-4
230.47 , 8.462e-5
230.52 , 1.140e-5
230.57 , 1.398e-6
230.62 , 1.558e-7
230.67 , 1.579e-8
230.72 , 1.456e-9
230.77 , 1.220e-10
230.82 , 9.301e-12
232.23 , 5.829e-14
232.28 , 7.109e-13
232.33 , 7.911e-12
232.38 , 8.032e-11
232.43 , 7.442e-10
232.48 , 6.291e-9
232.53 , 4.853e-8
232.58 , 3.415e-7
232.63 , 2.193e-6
232.68 , 1.285e-5
232.73 , 6.873e-5
232.78 , 3.353e-4
232.83 , 1.493e-3
232.88 , 6.064e-3
232.93 , 2.247e-2
232.98 , 7.601e-2
233.03 , 2.346e-1
233.08 , 6.605e-1
233.13 , 1.697e+0
233.18 , 3.978e+0
233.23 , 8.510e+0
233.28 , 1.661e+1
233.33 , 2.958e+1
233.38 , 4.807e+1
233.43 , 7.128e+1
233.48 , 9.645e+1
233.53 , 1.191e+2
233.58 , 1.341e+2
233.63 , 1.379e+2
233.68 , 1.293e+2
233.73 , 1.107e+2
233.78 , 8.640e+1
233.83 , 6.156e+1
233.88 , 4.002e+1
233.93 , 2.374e+1
233.98 , 1.285e+1
234.03 , 6.347e+0
234.08 , 2.861e+0
234.13 , 1.176e+0
234.18 , 4.413e-1
234.23 , 1.511e-1
234.28 , 4.720e-2
234.33 , 1.346e-2
234.38 , 3.500e-3
234.43 , 8.305e-4
234.48 , 1.798e-4
234.53 , 3.554e-5
234.58 , 6.407e-6
234.63 , 1.054e-6
234.68 , 1.582e-7
234.73 , 2.167e-8
234.78 , 2.708e-9
234.83 , 3.088e-10
234.88 , 3.213e-11
234.93 , 3.051e-12
234.98 , 2.643e-13
235.03 , 2.089e-14
235.58 , 3.329e-11
235.63 , 3.920e-10
235.68 , 4.223e-9
235.73 , 4.161e-8
235.78 , 3.752e-7
235.83 , 3.094e-6
235.88 , 2.335e-5
235.93 , 1.611e-4
235.98 , 1.017e-3
236.03 , 5.877e-3
236.08 , 3.106e-2
236.13 , 1.502e-1
236.18 , 6.641e-1
236.23 , 2.687e+0
236.28 , 9.944e+0
236.33 , 3.367e+1
236.38 , 1.043e+2
236.43 , 2.956e+2
236.48 , 7.662e+2
236.53 , 1.817e+3
236.58 , 3.942e+3
236.63 , 7.824e+3
236.68 , 1.421e+4
236.73 , 2.360e+4
236.78 , 3.586e+4
236.83 , 4.985e+4
236.88 , 6.339e+4
236.93 , 7.375e+4
236.98 , 7.849e+4
237.03 , 7.642e+4
237.08 , 6.807e+4
237.13 , 5.547e+4
237.18 , 4.136e+4
237.23 , 2.821e+4
237.28 , 1.762e+4
237.33 , 1.010e+4
237.38 , 5.338e+3
237.43 , 2.648e+3
237.48 , 1.290e+3
237.53 , 6.825e+2
237.58 , 4.400e+2
237.63 , 3.463e+2
237.68 , 2.965e+2
237.73 , 2.498e+2
237.78 , 1.977e+2
237.83 , 1.445e+2
237.88 , 9.685e+1
237.93 , 5.949e+1
237.98 , 3.345e+1
238.03 , 1.722e+1
238.08 , 8.112e+0
238.13 , 3.498e+0
238.18 , 1.380e+0
238.23 , 4.986e-1
238.28 , 1.649e-1
238.33 , 4.988e-2
238.38 , 1.382e-2
238.43 , 3.502e-3
238.48 , 8.125e-4
238.53 , 1.725e-4
238.58 , 3.353e-5
238.63 , 5.965e-6
238.68 , 9.711e-7
238.73 , 1.447e-7
238.78 , 1.974e-8
238.83 , 2.464e-9
238.88 , 2.816e-10
238.93 , 3.154e-11
238.98 , 2.556e-11
239.03 , 2.257e-10
239.08 , 2.050e-9
239.13 , 1.709e-8
239.18 , 1.307e-7
239.23 , 9.165e-7
239.28 , 5.894e-6
239.33 , 3.476e-5
239.38 , 1.880e-4
239.43 , 9.326e-4
239.48 , 4.242e-3
239.53 , 1.770e-2
239.58 , 6.771e-2
239.63 , 2.375e-1
239.68 , 7.643e-1
239.73 , 2.255e+0
239.78 , 6.103e+0
239.83 , 1.515e+1
239.88 , 3.447e+1
239.93 , 7.194e+1
239.98 , 1.377e+2
240.03 , 2.417e+2
240.08 , 3.891e+2
240.13 , 5.745e+2
240.18 , 7.778e+2
240.23 , 9.657e+2
240.28 , 1.100e+3
240.33 , 1.148e+3
240.38 , 1.100e+3
240.43 , 9.657e+2
240.48 , 7.778e+2
240.53 , 5.745e+2
240.58 , 3.891e+2
240.63 , 2.417e+2
240.68 , 1.377e+2
240.73 , 7.194e+1
240.78 , 3.447e+1
240.83 , 1.515e+1
240.88 , 6.103e+0
240.93 , 2.255e+0
240.98 , 7.643e-1
241.03 , 2.375e-1
241.08 , 6.771e-2
241.13 , 1.770e-2
241.18 , 4.242e-3
241.23 , 9.326e-4
241.28 , 1.880e-4
241.33 , 3.490e-5
241.38 , 6.783e-6
241.43 , 6.085e-6
241.48 , 2.774e-5
241.53 , 1.355e-4
241.58 , 6.107e-4
241.63 , 2.528e-3
241.68 , 9.612e-3
241.73 , 3.356e-2
241.78 , 1.076e-1
241.83 , 3.171e-1
241.88 , 8.578e-1
241.93 , 2.132e+0
241.98 , 4.865e+0
242.03 , 1.020e+1
242.08 , 1.963e+1
242.13 , 3.471e+1
242.18 , 5.636e+1
242.23 , 8.407e+1
242.28 , 1.152e+2
242.33 , 1.449e+2
242.38 , 1.674e+2
242.43 , 1.777e+2
242.48 , 1.732e+2
242.53 , 1.551e+2
242.58 , 1.275e+2
242.63 , 9.633e+1
242.68 , 6.682e+1
242.73 , 4.257e+1
242.78 , 2.491e+1
242.83 , 1.339e+1
242.88 , 6.607e+0
242.93 , 2.995e+0
242.98 , 1.247e+0
243.03 , 4.770e-1
243.08 , 1.675e-1
243.13 , 5.404e-2
243.18 , 1.601e-2
243.23 , 4.357e-3
243.28 , 1.089e-3
243.33 , 2.500e-4
243.38 , 5.271e-5
243.43 , 1.021e-5
243.48 , 1.815e-6
243.53 , 2.965e-7
243.58 , 4.449e-8
243.63 , 6.130e-9
243.68 , 7.758e-10
243.73 , 9.017e-11
243.78 , 9.626e-12
243.83 , 9.439e-13
243.88 , 8.500e-14
245.83 , 4.531e-14
245.88 , 5.050e-13
245.93 , 5.188e-12
245.98 , 4.910e-11
246.03 , 4.283e-10
246.08 , 3.443e-9
246.13 , 2.551e-8
246.18 , 1.741e-7
246.23 , 1.095e-6
246.28 , 6.348e-6
246.33 , 3.391e-5
246.38 , 1.669e-4
246.43 , 7.572e-4
246.48 , 3.165e-3
246.53 , 1.219e-2
246.58 , 4.328e-2
246.63 , 1.416e-1
246.68 , 4.268e-1
246.73 , 1.186e+0
246.78 , 3.035e+0
246.83 , 7.159e+0
246.88 , 1.556e+1
246.93 , 3.117e+1
246.98 , 5.755e+1
247.03 , 9.789e+1
247.08 , 1.535e+2
247.13 , 2.217e+2
247.18 , 2.951e+2
247.23 , 3.620e+2
247.28 , 4.092e+2
247.33 , 4.263e+2
247.38 , 4.092e+2
247.43 , 3.620e+2
247.48 , 2.951e+2
247.53 , 2.217e+2
247.58 , 1.535e+2
247.63 , 9.789e+1
247.68 , 5.755e+1
247.73 , 3.118e+1
247.78 , 1.558e+1
247.83 , 7.214e+0
247.88 , 3.212e+0
247.93 , 1.715e+0
247.98 , 1.881e+0
248.03 , 3.830e+0
248.08 , 8.670e+0
248.13 , 1.862e+1
248.18 , 3.702e+1
248.23 , 6.792e+1
248.28 , 1.149e+2
248.33 , 1.793e+2
248.38 , 2.582e+2
248.43 , 3.428e+2
248.48 , 4.200e+2
248.53 , 4.752e+2
248.58 , 4.978e+2
248.63 , 4.861e+2
248.68 , 4.502e+2
248.73 , 4.119e+2
248.78 , 4.023e+2
248.83 , 4.562e+2
248.88 , 6.052e+2
248.93 , 8.691e+2
248.98 , 1.245e+3
249.03 , 1.699e+3
249.08 , 2.165e+3
249.13 , 2.558e+3
249.18 , 2.792e+3
249.23 , 2.813e+3
249.28 , 2.617e+3
249.33 , 2.245e+3
249.38 , 1.778e+3
249.43 , 1.299e+3
249.48 , 8.754e+2
249.53 , 5.444e+2
249.58 , 3.124e+2
249.63 , 1.654e+2
249.68 , 8.078e+1
249.73 , 3.641e+1
249.78 , 1.515e+1
249.83 , 5.861e+0
249.88 , 2.240e+0
249.93 , 1.255e+0
249.98 , 1.912e+0
250.03 , 4.681e+0
250.08 , 1.157e+1
250.13 , 2.665e+1
250.18 , 5.676e+1
250.23 , 1.117e+2
250.28 , 2.028e+2
250.33 , 3.403e+2
250.38 , 5.272e+2
250.43 , 7.543e+2
250.48 , 9.967e+2
250.53 , 1.216e+3
250.58 , 1.370e+3
250.63 , 1.426e+3
250.68 , 1.370e+3
250.73 , 1.216e+3
250.78 , 9.967e+2
250.83 , 7.543e+2
250.88 , 5.272e+2
250.93 , 3.403e+2
250.98 , 2.028e+2
251.03 , 1.117e+2
251.08 , 5.676e+1
251.13 , 2.665e+1
251.18 , 1.155e+1
251.23 , 4.625e+0
251.28 , 1.710e+0
251.33 , 5.838e-1
251.38 , 1.841e-1
251.43 , 5.360e-2
251.48 , 1.441e-2
251.53 , 3.580e-3
251.58 , 8.241e-4
251.63 , 1.907e-4
251.68 , 1.154e-4
251.73 , 3.695e-4
251.78 , 1.501e-3
251.83 , 5.727e-3
251.88 , 2.022e-2
251.93 , 6.600e-2
251.98 , 1.993e-1
252.03 , 5.567e-1
252.08 , 1.439e+0
252.13 , 3.441e+0
252.18 , 7.620e+0
252.23 , 1.564e+1
252.28 , 2.976e+1
252.33 , 5.262e+1
252.38 , 8.661e+1
252.43 , 1.332e+2
252.48 , 1.920e+2
252.53 , 2.612e+2
252.58 , 3.375e+2
252.63 , 4.169e+2
252.68 , 4.956e+2
252.73 , 5.692e+2
252.78 , 6.316e+2
252.83 , 6.749e+2
252.88 , 6.903e+2
252.93 , 6.710e+2
252.98 , 6.159e+2
253.03 , 5.306e+2
253.08 , 4.271e+2
253.13 , 3.203e+2
253.18 , 2.232e+2
253.23 , 1.443e+2
253.28 , 8.648e+1
253.33 , 4.799e+1
253.38 , 2.465e+1
253.43 , 1.172e+1
253.48 , 5.155e+0
253.53 , 2.099e+0
253.58 , 7.965e-1
253.63 , 3.030e-1
253.68 , 1.898e-1
253.73 , 3.616e-1
253.78 , 1.034e+0
253.83 , 2.915e+0
253.88 , 7.647e+0
253.93 , 1.858e+1
253.98 , 4.180e+1
254.03 , 8.703e+1
254.08 , 1.678e+2
254.13 , 2.993e+2
254.18 , 4.944e+2
254.23 , 7.560e+2
254.28 , 1.070e+3
254.33 , 1.402e+3
254.38 , 1.701e+3
254.43 , 1.909e+3
254.48 , 1.985e+3
254.53 , 1.909e+3
254.58 , 1.701e+3
254.63 , 1.402e+3
254.68 , 1.070e+3
254.73 , 7.560e+2
254.78 , 4.944e+2
254.83 , 2.993e+2
254.88 , 1.678e+2
254.93 , 8.703e+1
254.98 , 4.180e+1
255.03 , 1.858e+1
255.08 , 7.646e+0
255.13 , 2.913e+0
255.18 , 1.027e+0
255.23 , 3.353e-1
255.28 , 1.013e-1
255.33 , 2.834e-2
255.38 , 7.340e-3
255.43 , 1.759e-3
255.48 , 3.904e-4
255.53 , 8.019e-5
255.58 , 1.525e-5
255.63 , 2.684e-6
255.68 , 4.373e-7
255.73 , 6.596e-8
255.78 , 9.209e-9
255.83 , 1.190e-9
255.88 , 1.424e-10
255.93 , 1.577e-11
255.98 , 1.617e-12
256.03 , 1.535e-13
257.48 , 2.234e-14
257.53 , 2.234e-13
257.58 , 2.073e-12
257.63 , 1.785e-11
257.68 , 1.427e-10
257.73 , 1.059e-9
257.78 , 7.293e-9
257.83 , 4.663e-8
257.88 , 2.767e-7
257.93 , 1.524e-6
257.98 , 7.791e-6
258.03 , 3.697e-5
258.08 , 1.629e-4
258.13 , 6.658e-4
258.18 , 2.527e-3
258.23 , 8.900e-3
258.28 , 2.910e-2
258.33 , 8.831e-2
258.38 , 2.488e-1
258.43 , 6.505e-1
258.48 , 1.579e+0
258.53 , 3.556e+0
258.58 , 7.436e+0
258.63 , 1.443e+1
258.68 , 2.600e+1
258.73 , 4.347e+1
258.78 , 6.747e+1
258.83 , 9.720e+1
258.88 , 1.300e+2
258.93 , 1.613e+2
258.98 , 1.859e+2
259.03 , 1.987e+2
259.08 , 1.973e+2
259.13 , 1.818e+2
259.18 , 1.556e+2
259.23 , 1.240e+2
259.28 , 9.242e+1
259.33 , 6.582e+1
259.38 , 4.763e+1
259.43 , 4.028e+1
259.48 , 4.589e+1
259.53 , 6.691e+1
259.58 , 1.062e+2
259.63 , 1.664e+2
259.68 , 2.484e+2
259.73 , 3.497e+2
259.78 , 4.632e+2
259.83 , 5.770e+2
259.88 , 6.757e+2
259.93 , 7.438e+2
259.98 , 7.691e+2
260.03 , 7.466e+2
260.08 , 6.798e+2
260.13 , 5.799e+2
260.18 , 4.631e+2
260.23 , 3.457e+2
260.28 , 2.411e+2
260.33 , 1.570e+2
260.38 , 9.529e+1
260.43 , 5.390e+1
260.48 , 2.840e+1
260.53 , 1.393e+1
260.58 , 6.357e+0
260.63 , 2.699e+0
260.68 , 1.065e+0
260.73 , 3.911e-1
260.78 , 1.340e-1
260.83 , 4.551e-2
260.88 , 2.609e-2
260.93 , 5.677e-2
260.98 , 1.949e-1
261.03 , 6.560e-1
261.08 , 2.061e+0
261.13 , 6.021e+0
261.18 , 1.635e+1
261.23 , 4.129e+1
261.28 , 9.692e+1
261.33 , 2.115e+2
261.38 , 4.291e+2
261.43 , 8.093e+2
261.48 , 1.419e+3
261.53 , 2.313e+3
261.58 , 3.505e+3
261.63 , 4.938e+3
261.68 , 6.468e+3
261.73 , 7.876e+3
261.78 , 8.915e+3
261.83 , 9.382e+3
261.88 , 9.179e+3
261.93 , 8.349e+3
261.98 , 7.060e+3
262.03 , 5.550e+3
262.08 , 4.056e+3
262.13 , 2.755e+3
262.18 , 1.740e+3
262.23 , 1.022e+3
262.28 , 5.579e+2
262.33 , 2.831e+2
262.38 , 1.336e+2
262.44 , 4.926e+1
262.49 , 1.979e+1
262.54 , 7.395e+0
262.59 , 2.569e+0
262.64 , 8.294e-1
262.69 , 2.490e-1
262.74 , 6.948e-2
262.79 , 1.803e-2
262.84 , 4.348e-3
262.89 , 9.750e-4
262.94 , 2.032e-4
262.99 , 3.939e-5
263.04 , 7.097e-6
263.09 , 1.189e-6
263.14 , 1.851e-7
263.19 , 2.679e-8
263.24 , 3.606e-9
263.29 , 4.512e-10
263.34 , 5.248e-11
263.39 , 5.675e-12
267.29 , 4.036e-14
267.34 , 3.765e-13
267.39 , 3.277e-12
267.44 , 2.662e-11
267.49 , 2.018e-10
267.54 , 1.428e-9
267.59 , 9.426e-9
267.64 , 5.807e-8
267.69 , 3.339e-7
267.74 , 1.791e-6
267.79 , 8.970e-6
267.84 , 4.191e-5
267.89 , 1.827e-4
267.94 , 7.436e-4
267.99 , 2.824e-3
268.04 , 1.001e-2
268.09 , 3.309e-2
268.14 , 1.021e-1
268.19 , 2.941e-1
268.24 , 7.903e-1
268.29 , 1.982e+0
268.34 , 4.639e+0
268.39 , 1.013e+1
268.44 , 2.065e+1
268.49 , 3.928e+1
268.54 , 6.973e+1
268.59 , 1.155e+2
268.64 , 1.785e+2
268.69 , 2.575e+2
268.74 , 3.467e+2
268.79 , 4.356e+2
268.84 , 5.106e+2
268.89 , 5.586e+2
268.94 , 5.704e+2
268.99 , 5.434e+2
269.04 , 4.832e+2
269.09 , 4.009e+2
269.14 , 3.104e+2
269.19 , 2.243e+2
269.24 , 1.513e+2
269.29 , 9.524e+1
269.34 , 5.608e+1
269.39 , 3.115e+1
269.44 , 1.701e+1
269.49 , 1.070e+1
269.54 , 1.055e+1
269.59 , 1.648e+1
269.64 , 3.006e+1
269.69 , 5.421e+1
269.74 , 9.259e+1
269.79 , 1.486e+2
269.84 , 2.237e+2
269.89 , 3.164e+2
269.94 , 4.212e+2
269.99 , 5.286e+2
270.04 , 6.272e+2
270.09 , 7.051e+2
270.14 , 7.531e+2
270.19 , 7.660e+2
270.24 , 7.433e+2
270.29 , 6.889e+2
270.34 , 6.098e+2
270.39 , 5.150e+2
270.44 , 4.144e+2
270.49 , 3.168e+2
270.54 , 2.297e+2
270.59 , 1.575e+2
270.64 , 1.023e+2
270.69 , 6.340e+1
270.74 , 3.908e+1
270.79 , 2.723e+1
270.84 , 2.666e+1
270.89 , 3.759e+1
270.94 , 6.175e+1
270.99 , 1.016e+2
271.04 , 1.593e+2
271.09 , 2.342e+2
271.14 , 3.223e+2
271.19 , 4.147e+2
271.24 , 4.989e+2
271.29 , 5.618e+2
271.34 , 5.932e+2
271.39 , 5.894e+2
271.44 , 5.549e+2
271.49 , 5.014e+2
271.54 , 4.445e+2
271.59 , 3.991e+2
271.64 , 3.746e+2
271.69 , 3.728e+2
271.74 , 3.879e+2
271.79 , 4.086e+2
271.84 , 4.225e+2
271.89 , 4.194e+2
271.94 , 3.946e+2
271.99 , 3.493e+2
272.04 , 2.900e+2
272.09 , 2.255e+2
272.14 , 1.639e+2
272.19 , 1.114e+2
272.24 , 7.082e+1
272.29 , 4.206e+1
272.34 , 2.335e+1
272.39 , 1.212e+1
272.44 , 5.875e+0
272.49 , 2.662e+0
272.54 , 1.128e+0
272.59 , 4.464e-1
272.64 , 1.652e-1
272.69 , 5.710e-2
272.74 , 1.845e-2
272.79 , 5.573e-3
272.84 , 1.573e-3
272.89 , 4.150e-4
272.94 , 1.023e-4
272.99 , 2.357e-5
273.04 , 5.077e-6
273.09 , 1.022e-6
273.14 , 1.922e-7
273.19 , 3.379e-8
273.24 , 5.551e-9
273.29 , 8.524e-10
273.34 , 1.223e-10
273.39 , 1.641e-11
273.44 , 2.057e-12
273.49 , 2.409e-13
274.99 , 9.870e-13
275.04 , 8.251e-12
275.09 , 6.461e-11
275.14 , 4.739e-10
275.19 , 3.256e-9
275.24 , 2.096e-8
275.29 , 1.264e-7
275.34 , 7.139e-7
275.39 , 3.777e-6
275.44 , 1.872e-5
275.49 , 8.693e-5
275.54 , 3.781e-4
275.59 , 1.540e-3
275.64 , 5.879e-3
275.69 , 2.102e-2
275.74 , 7.040e-2
275.79 , 2.209e-1
275.84 , 6.491e-1
275.89 , 1.787e+0
275.94 , 4.608e+0
275.99 , 1.113e+1
276.04 , 2.520e+1
276.09 , 5.343e+1
276.14 , 1.061e+2
276.19 , 1.975e+2
276.24 , 3.443e+2
276.29 , 5.626e+2
276.34 , 8.615e+2
276.39 , 1.237e+3
276.44 , 1.665e+3
276.49 , 2.104e+3
276.54 , 2.497e+3
276.59 , 2.787e+3
276.64 , 2.933e+3
276.69 , 2.918e+3
276.74 , 2.756e+3
276.79 , 2.485e+3
276.84 , 2.154e+3
276.89 , 1.808e+3
276.94 , 1.480e+3
276.99 , 1.188e+3
277.04 , 9.345e+2
277.09 , 7.192e+2
277.14 , 5.381e+2
277.19 , 3.885e+2
277.24 , 2.687e+2
277.29 , 1.769e+2
277.34 , 1.103e+2
277.39 , 6.495e+1
277.44 , 3.601e+1
277.49 , 1.877e+1
277.54 , 9.186e+0
277.59 , 4.218e+0
277.64 , 1.816e+0
277.69 , 7.331e-1
277.74 , 2.774e-1
277.79 , 9.835e-2
277.84 , 3.268e-2
277.89 , 1.017e-2
277.94 , 2.968e-3
277.99 , 8.111e-4
278.04 , 2.077e-4
278.09 , 4.983e-5
278.14 , 1.120e-5
278.19 , 2.359e-6
278.24 , 4.654e-7
278.29 , 8.603e-8
278.34 , 1.490e-8
278.39 , 2.418e-9
278.44 , 3.676e-10
278.49 , 5.235e-11
278.54 , 6.986e-12
278.59 , 8.734e-13
278.64 , 1.023e-13
280.74 , 8.650e-13
280.79 , 7.062e-12
280.84 , 5.416e-11
280.89 , 3.900e-10
280.94 , 2.639e-9
280.99 , 1.677e-8
281.04 , 1.001e-7
281.09 , 5.608e-7
281.14 , 2.952e-6
281.19 , 1.460e-5
281.24 , 6.780e-5
281.29 , 2.958e-4
281.34 , 1.212e-3
281.39 , 4.663e-3
281.44 , 1.686e-2
281.49 , 5.722e-2
281.54 , 1.825e-1
281.59 , 5.464e-1
281.64 , 1.537e+0
281.69 , 4.061e+0
281.74 , 1.008e+1
281.79 , 2.349e+1
281.84 , 5.142e+1
281.89 , 1.057e+2
281.94 , 2.042e+2
281.99 , 3.703e+2
282.04 , 6.309e+2
282.09 , 1.010e+3
282.14 , 1.517e+3
282.19 , 2.142e+3
282.24 , 2.840e+3
282.29 , 3.536e+3
282.34 , 4.136e+3
282.39 , 4.544e+3
282.44 , 4.689e+3
282.49 , 4.544e+3
282.54 , 4.136e+3
282.59 , 3.536e+3
282.64 , 2.840e+3
282.69 , 2.142e+3
282.74 , 1.517e+3
282.79 , 1.010e+3
282.84 , 6.309e+2
282.89 , 3.703e+2
282.94 , 2.042e+2
282.99 , 1.057e+2
283.04 , 5.142e+1
283.09 , 2.349e+1
283.14 , 1.008e+1
283.19 , 4.061e+0
283.24 , 1.537e+0
283.29 , 5.464e-1
283.34 , 1.825e-1
283.39 , 5.722e-2
283.44 , 1.686e-2
283.49 , 4.663e-3
283.54 , 1.212e-3
283.59 , 2.958e-4
283.64 , 6.780e-5
283.69 , 1.460e-5
283.74 , 2.952e-6
283.79 , 5.608e-7
283.84 , 1.001e-7
283.89 , 1.677e-8
283.94 , 2.639e-9
283.99 , 3.900e-10
284.04 , 5.416e-11
284.09 , 7.062e-12
284.14 , 8.650e-13
294.35 , 1.071e-12
294.4  , 7.833e-12
294.45 , 5.413e-11
294.5  , 3.533e-10
294.55 , 2.179e-9
294.6  , 1.269e-8
294.65 , 6.980e-8
294.7  , 3.627e-7
294.75 , 1.780e-6
294.8  , 8.254e-6
294.85 , 3.614e-5
294.9  , 1.495e-4
294.95 , 5.842e-4
295.66 , 2.156e-3
295.05 , 7.516e-3
295.1  , 2.475e-2
295.15 , 7.698e-2
295.2  , 2.262e-1
295.25 , 6.277e-1
295.3  , 1.645e+0
295.35 , 4.074e+0
295.4  , 9.528e+0
295.45 , 2.105e+1
295.5  , 4.392e+1
295.55 , 8.657e+1
295.6  , 1.612e+2
295.65 , 2.835e+2
295.7  , 4.708e+2
295.75 , 7.388e+2
295.8  , 1.095e+3
295.85 , 1.533e+3
295.9  , 2.027e+3
295.95 , 2.532e+3
296.66 , 2.987e+3
296.05 , 3.329e+3
296.1  , 3.504e+3
296.15 , 3.484e+3
296.2  , 3.272e+3
296.25 , 2.903e+3
296.3  , 2.433e+3
296.35 , 1.926e+3
296.4  , 1.440e+3
296.45 , 1.017e+3
296.5  , 6.782e+2
296.55 , 4.273e+2
296.6  , 2.543e+2
296.65 , 1.430e+2
296.7  , 7.593e+1
296.75 , 3.809e+1
296.8  , 1.804e+1
296.85 , 8.076e+0
296.9  , 3.414e+0
296.95 , 1.363e+0
297.66 , 5.141e-1
297.05 , 1.832e-1
297.1  , 6.163e-2
297.15 , 1.959e-2
297.2  , 5.882e-3
297.25 , 1.668e-3
297.3  , 4.468e-4
297.35 , 1.131e-4
297.4  , 2.702e-5
297.45 , 6.101e-6
297.5  , 1.301e-6
297.55 , 2.621e-7
297.6  , 4.986e-8
297.65 , 8.961e-9
297.7  , 1.521e-9
297.75 , 2.439e-10
297.8  , 3.694e-11
297.85 , 5.285e-12
297.9  , 7.142e-13
322.8  , 7.586e-11
322.85 , 4.707e-10
322.9  , 2.785e-9
322.95 , 1.572e-8
323.66 , 8.458e-8
323.05 , 4.341e-7
323.1  , 2.125e-6
323.15 , 9.920e-6
323.2  , 4.416e-5
323.25 , 1.875e-4
323.3  , 7.594e-4
323.35 , 2.933e-3
323.4  , 1.080e-2
323.45 , 3.794e-2
323.5  , 1.271e-1
323.55 , 4.060e-1
323.6  , 1.237e+0
323.65 , 3.595e+0
323.7  , 9.962e+0
323.75 , 2.633e+1
323.8  , 6.636e+1
323.85 , 1.595e+2
323.9  , 3.657e+2
323.95 , 7.996e+2
324.66 , 1.667e+3
324.05 , 3.316e+3
324.1  , 6.288e+3
324.15 , 1.137e+4
324.21 , 2.176e+4
324.26 , 3.545e+4
324.31 , 5.510e+4
324.36 , 8.166e+4
324.41 , 1.154e+5
324.46 , 1.556e+5
324.51 , 2.001e+5
324.56 , 2.453e+5
324.61 , 2.868e+5
324.66 , 3.199e+5
324.71 , 3.402e+5
324.76 , 3.451e+5
324.81 , 3.338e+5
324.86 , 3.080e+5
324.91 , 2.710e+5
324.96 , 2.274e+5
325.01 , 1.820e+5
325.06 , 1.389e+5
325.11 , 1.011e+5
325.16 , 7.017e+4
325.21 , 4.645e+4
325.26 , 2.933e+4
325.31 , 1.766e+4
325.36 , 1.014e+4
325.41 , 5.554e+3
325.46 , 2.901e+3
325.51 , 1.445e+3
325.56 , 6.864e+2
325.61 , 3.110e+2
325.66 , 1.344e+2
325.71 , 5.537e+1
325.76 , 2.176e+1
325.81 , 8.156e+0
325.86 , 2.915e+0
325.91 , 9.940e-1
325.96 , 3.238e-1
326.01 , 1.028e-1
326.06 , 3.887e-2
326.11 , 3.988e-2
326.16 , 1.049e-1
326.21 , 3.194e-1
326.26 , 9.455e-1
326.31 , 2.675e+0
326.36 , 7.226e+0
326.41 , 1.863e+1
326.46 , 4.583e+1
326.51 , 1.076e+2
326.56 , 2.412e+2
326.61 , 5.159e+2
326.66 , 1.053e+3
326.71 , 2.052e+3
326.76 , 3.816e+3
326.81 , 6.773e+3
326.86 , 1.147e+4
326.91 , 1.855e+4
326.96 , 2.863e+4
327.01 , 4.216e+4
327.06 , 5.927e+4
327.11 , 7.952e+4
327.16 , 1.018e+5
327.21 , 1.244e+5
327.26 , 1.451e+5
327.31 , 1.616e+5
327.36 , 1.717e+5
327.41 , 1.741e+5
327.46 , 1.685e+5
327.51 , 1.557e+5
327.56 , 1.372e+5
327.61 , 1.155e+5
327.66 , 9.275e+4
327.71 , 7.110e+4
327.76 , 5.201e+4
327.81 , 3.632e+4
327.86 , 2.420e+4
327.91 , 1.539e+4
327.96 , 9.345e+3
328.01 , 5.415e+3
328.06 , 2.994e+3
328.11 , 1.580e+3
328.16 , 7.961e+2
328.21 , 3.827e+2
328.26 , 1.756e+2
328.31 , 7.697e+1
328.36 , 3.226e+1
328.41 , 1.303e+1
328.46 , 5.235e+0
328.51 , 2.361e+0
328.56 , 1.551e+0
328.61 , 1.628e+0
328.66 , 2.135e+0
328.71 , 2.893e+0
328.76 , 3.814e+0
328.81 , 4.822e+0
328.86 , 5.825e+0
328.91 , 6.722e+0
328.96 , 7.406e+0
329.01 , 7.792e+0
329.06 , 7.828e+0
329.11 , 7.510e+0
329.16 , 6.881e+0
329.21 , 6.023e+0
329.26 , 5.039e+0
329.31 , 4.037e+0
329.36 , 3.112e+0
329.41 , 2.335e+0
329.46 , 1.756e+0
329.51 , 1.403e+0
329.56 , 1.292e+0
329.61 , 1.432e+0
329.66 , 1.831e+0
329.71 , 2.489e+0
329.76 , 3.393e+0
329.81 , 4.506e+0
329.86 , 5.760e+0
329.91 , 7.054e+0
329.96 , 8.262e+0
330.01 , 9.249e+0
330.06 , 9.892e+0
330.11 , 1.011e+1
330.16 , 9.867e+0
330.21 , 9.202e+0
330.26 , 8.198e+0
330.31 , 6.978e+0
330.36 , 5.674e+0
330.41 , 4.407e+0
330.46 , 3.270e+0
330.51 , 2.318e+0
330.56 , 1.570e+0
330.61 , 1.016e+0
330.66 , 6.287e-1
330.71 , 3.728e-1
330.76 , 2.140e-1
330.81 , 1.233e-1
330.86 , 8.004e-2
330.91 , 7.193e-2
330.96 , 9.507e-2
331.01 , 1.528e-1
331.06 , 2.548e-1
331.11 , 4.150e-1
331.16 , 6.497e-1
331.21 , 9.733e-1
331.26 , 1.394e+0
331.31 , 1.907e+0
331.36 , 2.494e+0
331.41 , 3.116e+0
331.46 , 3.721e+0
331.51 , 4.245e+0
331.56 , 4.628e+0
331.61 , 4.822e+0
331.66 , 4.800e+0
331.71 , 4.566e+0
331.76 , 4.150e+0
331.81 , 3.604e+0
331.86 , 2.991e+0
331.91 , 2.372e+0
331.96 , 1.798e+0
332.01 , 1.302e+0
332.06 , 9.008e-1
332.11 , 5.956e-1
332.16 , 3.763e-1
332.21 , 2.272e-1
332.26 , 1.311e-1
332.31 , 7.224e-2
332.36 , 3.805e-2
332.41 , 1.915e-2
332.46 , 9.212e-3
332.51 , 4.234e-3
332.56 , 1.860e-3
332.61 , 7.822e-4
332.66 , 3.188e-4
332.71 , 1.370e-4
332.76 , 9.082e-5
332.81 , 1.385e-4
332.86 , 3.139e-4
332.91 , 7.421e-4
332.96 , 1.698e-3
333.01 , 3.723e-3
333.06 , 7.803e-3
333.11 , 1.564e-2
333.16 , 2.997e-2
333.21 , 5.492e-2
333.26 , 9.621e-2
333.31 , 1.612e-1
333.36 , 2.581e-1
333.41 , 3.952e-1
333.46 , 5.787e-1
333.51 , 8.101e-1
333.56 , 1.084e+0
333.61 , 1.388e+0
333.66 , 1.698e+0
333.71 , 1.987e+0
333.76 , 2.223e+0
333.81 , 2.377e+0
333.86 , 2.431e+0
333.91 , 2.377e+0
333.96 , 2.223e+0
334.01 , 1.987e+0
334.06 , 1.698e+0
334.11 , 1.388e+0
334.16 , 1.084e+0
334.21 , 8.101e-1
334.26 , 5.787e-1
334.31 , 3.952e-1
334.36 , 2.581e-1
334.41 , 1.612e-1
334.46 , 9.621e-2
334.51 , 5.492e-2
334.56 , 2.997e-2
334.61 , 1.564e-2
334.66 , 7.803e-3
334.71 , 3.722e-3
334.76 , 1.698e-3
334.81 , 7.405e-4
334.86 , 3.088e-4
334.91 , 1.231e-4
334.96 , 4.693e-5
335.01 , 1.711e-5
335.06 , 5.967e-6
335.11 , 2.009e-6
335.16 , 7.119e-7
335.21 , 4.593e-7
335.26 , 9.146e-7
335.31 , 2.661e-6
335.36 , 7.806e-6
335.41 , 2.201e-5
335.46 , 5.943e-5
335.51 , 1.535e-4
335.56 , 3.794e-4
335.61 , 8.974e-4
335.66 , 2.031e-3
335.71 , 4.397e-3
335.76 , 9.109e-3
335.81 , 1.806e-2
335.86 , 3.425e-2
335.91 , 6.217e-2
335.96 , 1.080e-1
336.01 , 1.795e-1
336.06 , 2.857e-1
336.11 , 4.352e-1
336.16 , 6.348e-1
336.21 , 8.873e-1
336.26 , 1.189e+0
336.31 , 1.529e+0
336.36 , 1.889e+0
336.41 , 2.250e+0
336.46 , 2.589e+0
336.51 , 2.892e+0
336.56 , 3.156e+0
336.61 , 3.387e+0
336.66 , 3.604e+0
336.71 , 3.828e+0
336.76 , 4.078e+0
336.81 , 4.360e+0
336.86 , 4.665e+0
336.91 , 4.968e+0
336.96 , 5.236e+0
337.01 , 5.435e+0
337.06 , 5.543e+0
337.11 , 5.550e+0
337.16 , 5.466e+0
337.21 , 5.316e+0
337.26 , 5.126e+0
337.31 , 4.918e+0
337.36 , 4.706e+0
337.41 , 4.489e+0
337.46 , 4.260e+0
337.51 , 4.008e+0
337.56 , 3.729e+0
337.61 , 3.428e+0
337.66 , 3.123e+0
337.71 , 2.835e+0
337.76 , 2.588e+0
337.81 , 2.397e+0
337.86 , 2.265e+0
337.91 , 2.183e+0
337.96 , 2.132e+0
338.01 , 2.085e+0
338.06 , 2.018e+0
338.11 , 1.913e+0
338.16 , 1.762e+0
338.21 , 1.569e+0
338.26 , 1.345e+0
338.31 , 1.108e+0
338.36 , 8.755e-1
338.41 , 6.631e-1
338.46 , 4.812e-1
338.51 , 3.344e-1
338.56 , 2.225e-1
338.61 , 1.418e-1
338.66 , 8.646e-2
338.71 , 5.047e-2
338.76 , 2.821e-2
338.81 , 1.509e-2
338.86 , 7.726e-3
338.91 , 3.787e-3
338.96 , 1.776e-3
339.01 , 7.978e-4
339.06 , 3.429e-4
339.11 , 1.411e-4
339.16 , 5.557e-5
339.21 , 2.095e-5
339.26 , 7.559e-6
339.31 , 2.611e-6
339.36 , 8.631e-7
339.41 , 2.731e-7
339.46 , 8.274e-8
339.51 , 2.399e-8
339.56 , 6.658e-9
339.61 , 1.769e-9
339.66 , 4.498e-10
339.71 , 1.095e-10
339.76 , 2.551e-11
339.81 , 5.688e-12
339.86 , 1.214e-12
339.91 , 2.481e-13
339.96 , 4.852e-14
340.01 , 9.084e-15
340.06 , 1.628e-15
340.11 , 2.792e-16
386.08 , 5.376e-16
386.13 , 2.477e-15
386.18 , 1.104e-14
386.23 , 4.763e-14
386.28 , 1.987e-13
386.33 , 8.021e-13
386.38 , 3.132e-12
386.43 , 1.183e-11
386.48 , 4.323e-11
386.53 , 1.528e-10
386.58 , 5.226e-10
386.63 , 1.729e-9
386.68 , 5.533e-9
386.73 , 1.713e-8
386.78 , 5.131e-8
386.83 , 1.487e-7
386.88 , 4.167e-7
386.93 , 1.130e-6
386.98 , 2.965e-6
387.03 , 7.524e-6
387.08 , 1.847e-5
387.13 , 4.387e-5
387.18 , 1.008e-4
387.23 , 2.240e-4
387.28 , 4.817e-4
387.33 , 1.002e-3
387.38 , 2.017e-3
387.43 , 3.926e-3
387.48 , 7.393e-3
387.53 , 1.347e-2
387.58 , 2.374e-2
387.63 , 4.048e-2
387.68 , 6.677e-2
387.73 , 1.065e-1
387.78 , 1.645e-1
387.83 , 2.456e-1
387.88 , 3.548e-1
387.93 , 4.959e-1
387.98 , 6.704e-1
388.03 , 8.769e-1
388.08 , 1.110e+0
388.13 , 1.358e+0
388.18 , 1.608e+0
388.23 , 1.842e+0
388.28 , 2.042e+0
388.33 , 2.189e+0
388.38 , 2.270e+0
388.43 , 2.278e+0
388.48 , 2.211e+0
388.53 , 2.076e+0
388.58 , 1.885e+0
388.63 , 1.657e+0
388.68 , 1.409e+0
388.73 , 1.158e+0
388.78 , 9.216e-1
388.83 , 7.093e-1
388.88 , 5.281e-1
388.93 , 3.804e-1
388.98 , 2.651e-1
389.03 , 1.787e-1
389.08 , 1.166e-1
389.13 , 7.379e-2
389.18 , 4.548e-2
389.23 , 2.777e-2
389.28 , 1.772e-2
389.33 , 1.341e-2
389.38 , 1.399e-2
389.43 , 1.967e-2
389.48 , 3.178e-2
389.53 , 5.284e-2
389.58 , 8.664e-2
389.63 , 1.382e-1
389.68 , 2.138e-1
389.73 , 3.200e-1
389.78 , 4.637e-1
389.83 , 6.501e-1
389.88 , 8.822e-1
389.93 , 1.158e+0
389.98 , 1.472e+0
390.03 , 1.810e+0
390.08 , 2.154e+0
390.13 , 2.481e+0
390.18 , 2.764e+0
390.23 , 2.981e+0
390.28 , 3.111e+0
390.33 , 3.142e+0
390.38 , 3.070e+0
390.43 , 2.904e+0
390.48 , 2.658e+0
390.53 , 2.354e+0
390.58 , 2.017e+0
390.63 , 1.673e+0
390.68 , 1.343e+0
390.73 , 1.043e+0
390.78 , 7.839e-1
390.83 , 5.702e-1
390.88 , 4.015e-1
390.93 , 2.737e-1
390.98 , 1.810e-1
391.03 , 1.166e-1
391.08 , 7.410e-2
391.13 , 4.830e-2
391.18 , 3.524e-2
391.23 , 3.256e-2
391.28 , 3.946e-2
391.33 , 5.660e-2
391.38 , 8.590e-2
391.43 , 1.303e-1
391.48 , 1.935e-1
391.53 , 2.789e-1
391.58 , 3.898e-1
391.63 , 5.273e-1
391.68 , 6.908e-1
391.73 , 8.759e-1
391.78 , 1.075e+0
391.83 , 1.277e+0
391.88 , 1.469e+0
391.93 , 1.636e+0
391.98 , 1.763e+0
392.03 , 1.839e+0
392.08 , 1.857e+0
392.13 , 1.815e+0
392.18 , 1.717e+0
392.23 , 1.573e+0
392.28 , 1.395e+0
392.33 , 1.197e+0
392.38 , 9.943e-1
392.43 , 7.996e-1
392.48 , 6.225e-1
392.53 , 4.690e-1
392.58 , 3.421e-1
392.63 , 2.416e-1
392.68 , 1.651e-1
392.73 , 1.092e-1
392.78 , 6.995e-2
392.83 , 4.337e-2
392.88 , 2.602e-2
392.93 , 1.512e-2
392.98 , 8.500e-3
393.03 , 4.626e-3
393.08 , 2.437e-3
393.13 , 1.243e-3
393.18 , 6.137e-4
393.23 , 2.933e-4
393.28 , 1.357e-4
393.33 , 6.075e-5
393.38 , 2.633e-5
393.43 , 1.105e-5
393.48 , 4.488e-6
393.53 , 1.764e-6
393.58 , 6.715e-7
393.63 , 2.474e-7
393.68 , 8.822e-8
393.73 , 3.045e-8
393.78 , 1.018e-8
393.83 , 3.291e-9
393.88 , 1.030e-9
393.93 , 3.123e-10
393.98 , 9.162e-11
394.03 , 2.602e-11
394.08 , 7.153e-12
394.13 , 1.903e-12
394.18 , 4.903e-13
394.23 , 1.223e-13
394.28 , 2.951e-14
394.33 , 6.894e-15
394.38 , 1.559e-15
394.43 , 3.413e-16
399.83 , 2.551e-13
399.88 , 1.128e-12
399.93 , 4.833e-12
399.98 , 2.008e-11
400.03 , 8.092e-11
400.08 , 3.161e-10
400.13 , 1.197e-9
400.18 , 4.397e-9
400.23 , 1.566e-8
400.28 , 5.406e-8
400.33 , 1.809e-7
400.38 , 5.872e-7
400.43 , 1.848e-6
400.48 , 5.638e-6
400.53 , 1.668e-5
400.58 , 4.783e-5
400.63 , 1.330e-4
400.68 , 3.587e-4
400.73 , 9.376e-4
400.78 , 2.377e-3
400.83 , 5.841e-3
400.88 , 1.392e-2
400.93 , 3.215e-2
400.98 , 7.202e-2
401.03 , 1.564e-1
401.08 , 3.294e-1
401.13 , 6.725e-1
401.18 , 1.331e+0
401.23 , 2.555e+0
401.28 , 4.755e+0
401.33 , 8.579e+0
401.38 , 1.501e+1
401.43 , 2.546e+1
401.48 , 4.187e+1
401.53 , 6.676e+1
401.58 , 1.032e+2
401.63 , 1.547e+2
401.68 , 2.248e+2
401.73 , 3.168e+2
401.78 , 4.329e+2
401.83 , 5.735e+2
401.88 , 7.365e+2
401.93 , 9.172e+2
401.98 , 1.107e+3
402.03 , 1.297e+3
402.08 , 1.472e+3
402.13 , 1.620e+3
402.18 , 1.728e+3
402.23 , 1.788e+3
402.28 , 1.793e+3
402.33 , 1.744e+3
402.38 , 1.645e+3
402.43 , 1.504e+3
402.48 , 1.333e+3
402.53 , 1.146e+3
402.58 , 9.548e+2
402.63 , 7.715e+2
402.68 , 6.044e+2
402.73 , 4.591e+2
402.78 , 3.381e+2
402.83 , 2.414e+2
402.88 , 1.671e+2
402.93 , 1.122e+2
402.98 , 7.302e+1
403.03 , 4.608e+1
403.08 , 2.819e+1
403.13 , 1.672e+1
403.18 , 9.619e+0
403.23 , 5.364e+0
403.28 , 2.900e+0
403.33 , 1.520e+0
403.38 , 7.728e-1
403.43 , 3.809e-1
403.48 , 1.820e-1
403.53 , 8.432e-2
403.58 , 3.787e-2
403.63 , 1.650e-2
403.68 , 6.966e-3
403.73 , 2.852e-3
403.78 , 1.132e-3
403.83 , 4.357e-4
403.88 , 1.626e-4
403.93 , 5.884e-5
403.98 , 2.064e-5
404.03 , 7.021e-6
404.08 , 2.316e-6
404.13 , 7.438e-7
404.18 , 2.417e-7
404.23 , 1.113e-7
404.28 , 1.627e-7
404.33 , 4.718e-7
404.38 , 1.480e-6
404.43 , 4.549e-6
404.48 , 1.358e-5
404.53 , 3.932e-5
404.58 , 1.105e-4
404.63 , 3.011e-4
404.68 , 7.963e-4
404.73 , 2.043e-3
404.78 , 5.084e-3
404.83 , 1.228e-2
404.88 , 2.876e-2
404.93 , 6.536e-2
404.98 , 1.441e-1
405.03 , 3.083e-1
405.08 , 6.398e-1
405.13 , 1.288e+0
405.18 , 2.516e+0
405.23 , 4.767e+0
405.28 , 8.765e+0
405.33 , 1.563e+1
405.38 , 2.705e+1
405.43 , 4.541e+1
405.48 , 7.395e+1
405.53 , 1.168e+2
405.58 , 1.791e+2
405.63 , 2.664e+2
405.68 , 3.843e+2
405.73 , 5.379e+2
405.78 , 7.304e+2
405.83 , 9.623e+2
405.88 , 1.230e+3
405.93 , 1.525e+3
405.98 , 1.835e+3
406.03 , 2.141e+3
406.08 , 2.424e+3
406.13 , 2.663e+3
406.18 , 2.838e+3
406.23 , 2.934e+3
406.28 , 2.943e+3
406.33 , 2.864e+3
406.38 , 2.703e+3
406.43 , 2.476e+3
406.48 , 2.200e+3
406.53 , 1.897e+3
406.58 , 1.586e+3
406.63 , 1.287e+3
406.68 , 1.013e+3
406.73 , 7.737e+2
406.78 , 5.732e+2
406.83 , 4.120e+2
406.88 , 2.873e+2
406.93 , 1.944e+2
406.98 , 1.276e+2
407.03 , 8.123e+1
407.08 , 5.018e+1
407.13 , 3.007e+1
407.18 , 1.749e+1
407.23 , 9.864e+0
407.28 , 5.398e+0
407.33 , 2.866e+0
407.38 , 1.476e+0
407.43 , 7.376e-1
407.48 , 3.576e-1
407.53 , 1.682e-1
407.58 , 7.675e-2
407.63 , 3.397e-2
407.68 , 1.459e-2
407.73 , 6.080e-3
407.78 , 2.457e-3
407.83 , 9.637e-4
407.88 , 3.667e-4
407.93 , 1.353e-4
407.98 , 4.846e-5
408.03 , 1.684e-5
408.08 , 5.675e-6
408.13 , 1.856e-6
408.18 , 5.886e-7
408.23 , 1.812e-7
408.28 , 5.409e-8
408.33 , 1.567e-8
408.38 , 4.403e-9
408.43 , 1.200e-9
408.48 , 3.175e-10
408.53 , 8.148e-11
408.58 , 2.029e-11
408.63 , 4.899e-12
408.68 , 1.148e-12
408.73 , 2.610e-13
422.34 , 4.862e-14
422.39 , 1.980e-13
422.44 , 7.842e-13
422.49 , 3.021e-12
422.54 , 1.132e-11
422.59 , 4.127e-11
422.64 , 1.463e-10
422.69 , 5.046e-10
422.74 , 1.693e-9
422.79 , 5.523e-9
422.84 , 1.753e-8
422.89 , 5.411e-8
422.94 , 1.625e-7
422.99 , 4.745e-7
423.04 , 1.348e-6
423.09 , 3.725e-6
423.14 , 1.001e-5
423.19 , 2.618e-5
423.24 , 6.656e-5
423.29 , 1.646e-4
423.34 , 3.961e-4
423.39 , 9.270e-4
423.44 , 2.110e-3
423.49 , 4.672e-3
423.54 , 1.006e-2
423.59 , 2.108e-2
423.64 , 4.295e-2
423.69 , 8.512e-2
423.74 , 1.641e-1
423.79 , 3.077e-1
423.84 , 5.612e-1
423.89 , 9.957e-1
423.94 , 1.718e+0
423.99 , 2.884e+0
424.04 , 4.709e+0
424.09 , 7.478e+0
424.14 , 1.155e+1
424.19 , 1.735e+1
424.24 , 2.536e+1
424.29 , 3.605e+1
424.34 , 4.985e+1
424.39 , 6.705e+1
424.44 , 8.771e+1
424.49 , 1.116e+2
424.54 , 1.381e+2
424.59 , 1.663e+2
424.64 , 1.947e+2
424.69 , 2.218e+2
424.74 , 2.457e+2
424.79 , 2.648e+2
424.84 , 2.776e+2
424.89 , 2.830e+2
424.94 , 2.807e+2
424.99 , 2.708e+2
425.04 , 2.540e+2
425.09 , 2.319e+2
425.14 , 2.058e+2
425.19 , 1.777e+2
425.24 , 1.493e+2
425.29 , 1.219e+2
425.34 , 9.690e+1
425.39 , 7.490e+1
425.44 , 5.631e+1
425.49 , 4.118e+1
425.54 , 2.929e+1
425.59 , 2.027e+1
425.64 , 1.364e+1
425.69 , 8.928e+0
425.74 , 5.684e+0
425.79 , 3.521e+0
425.84 , 2.121e+0
425.89 , 1.244e+0
425.94 , 7.118e-1
425.99 , 4.010e-1
426.04 , 2.306e-1
426.09 , 1.527e-1
426.14 , 1.459e-1
426.19 , 2.144e-1
426.24 , 3.920e-1
426.29 , 7.543e-1
426.34 , 1.441e+0
426.39 , 2.692e+0
426.44 , 4.899e+0
426.49 , 8.678e+0
426.54 , 1.496e+1
426.59 , 2.508e+1
426.64 , 4.093e+1
426.69 , 6.499e+1
426.74 , 1.004e+2
426.79 , 1.509e+2
426.84 , 2.208e+2
426.89 , 3.142e+2
426.94 , 4.351e+2
426.99 , 5.863e+2
427.04 , 7.687e+2
427.09 , 9.806e+2
427.14 , 1.217e+3
427.19 , 1.470e+3
427.24 , 1.728e+3
427.29 , 1.975e+3
427.34 , 2.198e+3
427.39 , 2.379e+3
427.44 , 2.506e+3
427.49 , 2.569e+3
427.54 , 2.562e+3
427.59 , 2.486e+3
427.64 , 2.347e+3
427.69 , 2.156e+3
427.74 , 1.927e+3
427.79 , 1.676e+3
427.84 , 1.419e+3
427.89 , 1.168e+3
427.94 , 9.360e+2
427.99 , 7.297e+2
428.04 , 5.536e+2
428.09 , 4.086e+2
428.14 , 2.934e+2
428.19 , 2.051e+2
428.24 , 1.394e+2
428.29 , 9.225e+1
428.34 , 5.938e+1
428.39 , 3.720e+1
428.44 , 2.267e+1
428.49 , 1.344e+1
428.54 , 7.757e+0
428.59 , 4.355e+0
428.64 , 2.379e+0
428.69 , 1.265e+0
428.74 , 6.541e-1
428.79 , 3.292e-1
428.84 , 1.612e-1
428.89 , 7.680e-2
428.94 , 3.560e-2
428.99 , 1.606e-2
429.04 , 7.049e-3
429.09 , 3.010e-3
429.14 , 1.251e-3
429.19 , 5.058e-4
429.24 , 1.990e-4
429.29 , 7.617e-5
429.34 , 2.837e-5
429.39 , 1.028e-5
429.44 , 3.626e-6
429.49 , 1.244e-6
429.54 , 4.153e-7
429.59 , 1.349e-7
429.64 , 4.265e-8
429.69 , 1.312e-8
429.74 , 3.925e-9
429.79 , 1.143e-9
429.84 , 3.238e-10
429.89 , 8.926e-11
429.94 , 2.394e-11
429.99 , 6.249e-12
430.04 , 1.587e-12
430.09 , 3.921e-13
448.25 , 1.321e-13
448.3  , 4.900e-13
448.35 , 1.773e-12
448.4  , 6.259e-12
448.45 , 2.156e-11
448.5  , 7.246e-11
448.55 , 2.376e-10
448.6  , 7.604e-10
448.65 , 2.374e-9
448.7  , 7.231e-9
448.75 , 2.149e-8
448.8  , 6.232e-8
448.85 , 1.763e-7
448.9  , 4.868e-7
448.95 , 1.311e-6
449.66 , 3.447e-6
449.05 , 8.839e-6
449.1  , 2.212e-5
449.15 , 5.400e-5
449.2  , 1.286e-4
449.25 , 2.990e-4
449.3  , 6.780e-4
449.35 , 1.500e-3
449.4  , 3.239e-3
449.45 , 6.823e-3
449.5  , 1.402e-2
449.55 , 2.812e-2
449.6  , 5.503e-2
449.65 , 1.051e-1
449.7  , 1.957e-1
449.75 , 3.557e-1
449.8  , 6.308e-1
449.85 , 1.092e+0
449.9  , 1.843e+0
449.95 , 3.036e+0
450.66 , 4.879e+0
450.05 , 7.652e+0
450.1  , 1.171e+1
450.15 , 1.748e+1
450.2  , 2.547e+1
450.25 , 3.620e+1
450.3  , 5.020e+1
450.35 , 6.793e+1
450.4  , 8.969e+1
450.45 , 1.155e+2
450.5  , 1.452e+2
450.55 , 1.781e+2
450.6  , 2.131e+2
450.65 , 2.488e+2
450.7  , 2.835e+2
450.75 , 3.151e+2
450.8  , 3.417e+2
450.85 , 3.616e+2
450.9  , 3.733e+2
450.95 , 3.761e+2
451.66 , 3.697e+2
451.05 , 3.546e+2
451.1  , 3.318e+2
451.15 , 3.029e+2
451.2  , 2.699e+2
451.25 , 2.346e+2
451.3  , 1.989e+2
451.35 , 1.646e+2
451.4  , 1.329e+2
451.45 , 1.047e+2
451.5  , 8.049e+1
451.55 , 6.037e+1
451.6  , 4.419e+1
451.65 , 3.156e+1
451.7  , 2.202e+1
451.75 , 1.502e+1
451.8  , 1.007e+1
451.85 , 6.715e+0
451.9  , 4.595e+0
451.95 , 3.455e+0
452.66 , 3.146e+0
452.05 , 3.632e+0
452.1  , 4.995e+0
452.15 , 7.434e+0
452.2  , 1.127e+1
452.25 , 1.694e+1
452.3  , 2.500e+1
452.35 , 3.607e+1
452.4  , 5.083e+1
452.45 , 6.993e+1
452.5  , 9.391e+1
452.55 , 1.231e+2
452.6  , 1.574e+2
452.65 , 1.965e+2
452.7  , 2.395e+2
452.75 , 2.849e+2
452.8  , 3.308e+2
452.85 , 3.750e+2
452.9  , 4.153e+2
452.95 , 4.493e+2
453.66 , 4.752e+2
453.05 , 4.919e+2
453.1  , 4.988e+2
453.15 , 4.966e+2
453.2  , 4.869e+2
453.25 , 4.719e+2
453.3  , 4.547e+2
453.35 , 4.385e+2
453.4  , 4.265e+2
453.45 , 4.214e+2
453.5  , 4.250e+2
453.55 , 4.381e+2
453.6  , 4.606e+2
453.65 , 4.907e+2
453.7  , 5.260e+2
453.75 , 5.630e+2
453.8  , 5.979e+2
453.85 , 6.268e+2
453.9  , 6.465e+2
453.95 , 6.542e+2
454.66 , 6.484e+2
454.05 , 6.286e+2
454.1  , 5.957e+2
454.15 , 5.516e+2
454.2  , 4.988e+2
454.25 , 4.404e+2
454.3  , 3.796e+2
454.35 , 3.194e+2
454.4  , 2.624e+2
454.45 , 2.104e+2
454.5  , 1.647e+2
454.55 , 1.258e+2
454.6  , 9.377e+1
454.65 , 6.824e+1
454.7  , 4.847e+1
454.75 , 3.360e+1
454.8  , 2.274e+1
454.85 , 1.502e+1
454.9  , 9.679e+0
454.95 , 6.089e+0
455.66 , 3.739e+0
455.05 , 2.241e+0
455.1  , 1.311e+0
455.15 , 7.485e-1
455.2  , 4.171e-1
455.25 , 2.269e-1
455.3  , 1.205e-1
455.35 , 6.241e-2
455.4  , 3.156e-2
455.45 , 1.558e-2
455.5  , 7.506e-3
455.55 , 3.530e-3
455.6  , 1.620e-3
455.65 , 7.257e-4
455.7  , 3.173e-4
455.75 , 1.354e-4
455.8  , 5.640e-5
455.85 , 2.293e-5
455.9  , 9.097e-6
455.95 , 3.523e-6
456.66 , 1.332e-6
456.05 , 4.913e-7
456.1  , 1.769e-7
456.15 , 6.224e-8
456.2  , 2.152e-8
456.25 , 7.777e-9
456.3  , 4.347e-9
456.35 , 6.968e-9
456.4  , 1.902e-8
456.45 , 5.548e-8
456.5  , 1.595e-7
456.55 , 4.485e-7
456.6  , 1.231e-6
456.65 , 3.301e-6
456.7  , 8.643e-6
456.75 , 2.210e-5
456.8  , 5.517e-5
456.85 , 1.345e-4
456.9  , 3.202e-4
456.95 , 7.444e-4
457.66 , 1.690e-3
457.05 , 3.746e-3
457.1  , 8.109e-3
457.15 , 1.714e-2
457.2  , 3.539e-2
457.25 , 7.134e-2
457.3  , 1.404e-1
457.35 , 2.699e-1
457.4  , 5.067e-1
457.45 , 9.288e-1
457.5  , 1.663e+0
457.55 , 2.906e+0
457.6  , 4.961e+0
457.65 , 8.269e+0
457.7  , 1.346e+1
457.75 , 2.139e+1
457.8  , 3.320e+1
457.85 , 5.033e+1
457.9  , 7.449e+1
457.95 , 1.077e+2
458.66 , 1.520e+2
458.05 , 2.094e+2
458.1  , 2.819e+2
458.15 , 3.704e+2
458.2  , 4.754e+2
458.25 , 5.958e+2
458.3  , 7.292e+2
458.35 , 8.715e+2
458.4  , 1.017e+3
458.45 , 1.159e+3
458.5  , 1.290e+3
458.55 , 1.402e+3
458.6  , 1.488e+3
458.65 , 1.542e+3
458.7  , 1.560e+3
458.75 , 1.542e+3
458.8  , 1.488e+3
458.85 , 1.402e+3
458.9  , 1.290e+3
458.95 , 1.159e+3
459.66 , 1.017e+3
459.05 , 8.715e+2
459.1  , 7.292e+2
459.15 , 5.958e+2
459.2  , 4.754e+2
459.25 , 3.704e+2
459.3  , 2.819e+2
459.35 , 2.094e+2
459.4  , 1.520e+2
459.45 , 1.077e+2
459.5  , 7.449e+1
459.55 , 5.033e+1
459.6  , 3.320e+1
459.65 , 2.139e+1
459.7  , 1.346e+1
459.75 , 8.269e+0
459.8  , 4.961e+0
459.85 , 2.906e+0
459.9  , 1.663e+0
459.95 , 9.288e-1
460.66 , 5.067e-1
460.05 , 2.699e-1
460.1  , 1.404e-1
460.15 , 7.134e-2
460.2  , 3.539e-2
460.25 , 1.714e-2
460.3  , 8.109e-3
460.35 , 3.746e-3
460.4  , 1.690e-3
460.45 , 7.444e-4
460.5  , 3.202e-4
460.55 , 1.345e-4
460.6  , 5.517e-5
460.65 , 2.210e-5
460.7  , 8.643e-6
460.75 , 3.301e-6
460.8  , 1.231e-6
460.85 , 4.485e-7
460.9  , 1.595e-7
460.95 , 5.541e-8
461.66 , 1.879e-8
461.05 , 6.224e-9
461.1  , 2.013e-9
461.15 , 6.358e-10
461.2  , 1.961e-10
461.25 , 5.905e-11
461.3  , 1.737e-11
461.35 , 4.988e-12
461.4  , 1.399e-12
461.45 , 3.831e-13
462.3  , 3.665e-13
462.35 , 1.328e-12
462.4  , 4.702e-12
462.45 , 1.627e-11
462.5  , 5.499e-11
462.55 , 1.817e-10
462.6  , 5.864e-10
462.65 , 1.849e-9
462.7  , 5.700e-9
462.75 , 1.717e-8
462.8  , 5.052e-8
462.85 , 1.453e-7
462.9  , 4.082e-7
462.95 , 1.121e-6
463.66 , 3.007e-6
463.05 , 7.883e-6
463.1  , 2.020e-5
463.15 , 5.055e-5
463.2  , 1.237e-4
463.25 , 2.956e-4
463.3  , 6.903e-4
463.35 , 1.575e-3
463.4  , 3.513e-3
463.45 , 7.655e-3
463.5  , 1.630e-2
463.55 , 3.392e-2
463.6  , 6.895e-2
463.65 , 1.370e-1
463.7  , 2.659e-1
463.75 , 5.044e-1
463.8  , 9.350e-1
463.85 , 1.694e+0
463.9  , 2.997e+0
463.95 , 5.184e+0
464.66 , 8.760e+0
464.05 , 1.446e+1
464.1  , 2.334e+1
464.15 , 3.680e+1
464.2  , 5.669e+1
464.25 , 8.535e+1
464.3  , 1.256e+2
464.35 , 1.805e+2
464.4  , 2.535e+2
464.45 , 3.479e+2
464.5  , 4.666e+2
464.55 , 6.115e+2
464.6  , 7.831e+2
464.65 , 9.799e+2
464.7  , 1.198e+3
464.75 , 1.432e+3
464.8  , 1.671e+3
464.85 , 1.907e+3
464.9  , 2.126e+3
464.95 , 2.315e+3
465.66 , 2.464e+3
465.05 , 2.563e+3
465.1  , 2.605e+3
465.15 , 2.587e+3
465.2  , 2.510e+3
465.25 , 2.380e+3
465.3  , 2.206e+3
465.35 , 1.997e+3
465.4  , 1.767e+3
465.45 , 1.527e+3
465.5  , 1.290e+3
465.55 , 1.065e+3
465.6  , 8.590e+2
465.65 , 6.770e+2
465.7  , 5.214e+2
465.75 , 3.924e+2
465.8  , 2.885e+2
465.85 , 2.073e+2
465.9  , 1.456e+2
465.95 , 9.988e+1
466.66 , 6.697e+1
466.05 , 4.389e+1
466.1  , 2.812e+1
466.15 , 1.762e+1
466.2  , 1.083e+1
466.25 , 6.557e+0
466.3  , 3.961e+0
466.35 , 2.456e+0
466.4  , 1.653e+0
466.45 , 1.300e+0
466.5  , 1.241e+0
466.55 , 1.385e+0
466.6  , 1.674e+0
466.65 , 2.078e+0
466.7  , 2.572e+0
466.75 , 3.137e+0
466.8  , 3.752e+0
466.85 , 4.392e+0
466.9  , 5.028e+0
466.95 , 5.627e+0
467.66 , 6.157e+0
467.05 , 6.587e+0
467.1  , 6.893e+0
467.15 , 7.057e+0
467.2  , 7.073e+0
467.25 , 6.948e+0
467.3  , 6.699e+0
467.35 , 6.355e+0
467.4  , 5.953e+0
467.45 , 5.536e+0
467.5  , 5.147e+0
467.55 , 4.828e+0
467.6  , 4.613e+0
467.65 , 4.529e+0
467.7  , 4.589e+0
467.75 , 4.796e+0
467.8  , 5.138e+0
467.85 , 5.589e+0
467.9  , 6.114e+0
467.95 , 6.671e+0
468.66 , 7.213e+0
468.05 , 7.690e+0
468.1  , 8.061e+0
468.15 , 8.290e+0
468.2  , 8.352e+0
468.25 , 8.237e+0
468.3  , 7.948e+0
468.35 , 7.500e+0
468.4  , 6.921e+0
468.45 , 6.243e+0
468.5  , 5.506e+0
468.55 , 4.747e+0
468.6  , 4.000e+0
468.65 , 3.295e+0
468.7  , 2.653e+0
468.75 , 2.088e+0
468.8  , 1.608e+0
468.85 , 1.211e+0
468.9  , 8.938e-1
468.95 , 6.501e-1
469.66 , 4.722e-1
469.05 , 3.541e-1
469.1  , 2.937e-1
469.15 , 2.953e-1
469.2  , 3.727e-1
469.25 , 5.541e-1
469.3  , 8.869e-1
469.35 , 1.446e+0
469.4  , 2.339e+0
469.45 , 3.722e+0
469.5  , 5.802e+0
469.55 , 8.848e+0
469.6  , 1.320e+1
469.65 , 1.924e+1
469.7  , 2.743e+1
469.75 , 3.824e+1
469.8  , 5.211e+1
469.85 , 6.942e+1
469.9  , 9.042e+1
469.95 , 1.151e+2
470.66 , 1.434e+2
470.05 , 1.745e+2
470.1  , 2.076e+2
470.15 , 2.416e+2
470.2  , 2.748e+2
470.25 , 3.056e+2
470.3  , 3.322e+2
470.35 , 3.531e+2
470.4  , 3.669e+2
470.45 , 3.728e+2
470.5  , 3.702e+2
470.55 , 3.595e+2
470.6  , 3.413e+2
470.65 , 3.168e+2
470.7  , 2.875e+2
470.75 , 2.550e+2
470.8  , 2.212e+2
470.85 , 1.876e+2
470.9  , 1.555e+2
470.95 , 1.260e+2
471.66 , 9.987e+1
471.05 , 7.737e+1
471.1  , 5.860e+1
471.15 , 4.339e+1
471.2  , 3.141e+1
471.25 , 2.223e+1
471.3  , 1.539e+1
471.35 , 1.041e+1
471.4  , 6.884e+0
471.45 , 4.451e+0
471.5  , 2.814e+0
471.55 , 1.739e+0
471.6  , 1.051e+0
471.65 , 6.208e-1
471.7  , 3.586e-1
471.75 , 2.025e-1
471.8  , 1.118e-1
471.85 , 6.032e-2
471.9  , 3.183e-2
471.95 , 1.642e-2
472.66 , 8.281e-3
472.05 , 4.083e-3
472.1  , 1.968e-3
472.15 , 9.277e-4
472.2  , 4.275e-4
472.25 , 1.926e-4
472.3  , 8.481e-5
472.35 , 3.652e-5
472.4  , 1.537e-5
472.45 , 6.327e-6
472.5  , 2.546e-6
472.55 , 1.001e-6
472.6  , 3.851e-7
472.65 , 1.448e-7
472.7  , 5.323e-8
472.75 , 1.913e-8
472.8  , 6.722e-9
472.85 , 2.309e-9
472.9  , 7.755e-10
472.95 , 2.546e-10
473.66 , 8.173e-11
473.05 , 2.565e-11
473.1  , 7.870e-12
473.15 , 2.361e-12
473.2  , 6.924e-13
473.25 , 1.985e-13
473.3  , 5.565e-14
478.4  , 2.676e-15
478.45 , 9.217e-15
478.5  , 3.107e-14
478.56 , 1.298e-13
478.61 , 4.173e-13
478.66 , 1.313e-12
478.71 , 4.042e-12
478.76 , 1.218e-11
478.81 , 3.591e-11
478.86 , 1.036e-10
478.91 , 2.927e-10
478.96 , 8.090e-10
479.01 , 2.188e-9
479.06 , 5.792e-9
479.11 , 1.501e-8
479.16 , 3.804e-8
479.21 , 9.439e-8
479.26 , 2.292e-7
479.31 , 5.447e-7
479.36 , 1.267e-6
479.41 , 2.883e-6
479.46 , 6.421e-6
479.51 , 1.400e-5
479.56 , 2.986e-5
479.61 , 6.233e-5
479.66 , 1.273e-4
479.71 , 2.546e-4
479.76 , 4.982e-4
479.81 , 9.541e-4
479.86 , 1.788e-3
479.91 , 3.279e-3
479.96 , 5.886e-3
480.01 , 1.034e-2
480.06 , 1.777e-2
480.11 , 2.990e-2
480.16 , 4.923e-2
480.21 , 7.932e-2
480.26 , 1.251e-1
480.31 , 1.930e-1
480.36 , 2.915e-1
480.41 , 4.309e-1
480.46 , 6.232e-1
480.51 , 8.822e-1
480.56 , 1.222e+0
480.61 , 1.657e+0
480.66 , 2.198e+0
480.71 , 2.854e+0
480.76 , 3.627e+0
480.81 , 4.511e+0
480.86 , 5.490e+0
480.91 , 6.539e+0
480.96 , 7.621e+0
481.01 , 8.694e+0
481.06 , 9.706e+0
481.11 , 1.060e+1
481.16 , 1.134e+1
481.21 , 1.186e+1
481.26 , 1.215e+1
481.31 , 1.217e+1
481.36 , 1.194e+1
481.41 , 1.146e+1
481.46 , 1.077e+1
481.51 , 9.896e+0
481.56 , 8.903e+0
481.61 , 7.838e+0
481.66 , 6.754e+0
481.71 , 5.695e+0
481.76 , 4.700e+0
481.81 , 3.795e+0
481.86 , 3.000e+0
481.91 , 2.320e+0
481.96 , 1.756e+0
482.01 , 1.301e+0
482.06 , 9.432e-1
482.11 , 6.692e-1
482.16 , 4.647e-1
482.21 , 3.158e-1
482.26 , 2.100e-1
482.31 , 1.367e-1
482.36 , 8.704e-2
482.41 , 5.425e-2
482.46 , 3.309e-2
482.51 , 1.976e-2
482.56 , 1.154e-2
482.61 , 6.599e-3
482.66 , 3.693e-3
482.71 , 2.022e-3
482.76 , 1.084e-3
482.81 , 5.683e-4
482.86 , 2.917e-4
482.91 , 1.465e-4
482.96 , 7.204e-5
483.01 , 3.468e-5
483.06 , 1.639e-5
483.11 , 7.695e-6
483.16 , 3.805e-6
483.21 , 2.446e-6
483.26 , 2.774e-6
483.31 , 4.935e-6
483.36 , 1.011e-5
483.41 , 2.105e-5
483.46 , 4.320e-5
483.51 , 8.694e-5
483.56 , 1.714e-4
483.61 , 3.307e-4
483.66 , 6.250e-4
483.71 , 1.156e-3
483.76 , 2.095e-3
483.81 , 3.718e-3
483.86 , 6.460e-3
483.91 , 1.099e-2
483.96 , 1.832e-2
484.01 , 2.991e-2
484.06 , 4.782e-2
484.11 , 7.491e-2
484.16 , 1.150e-1
484.21 , 1.729e-1
484.26 , 2.548e-1
484.31 , 3.681e-1
484.36 , 5.212e-1
484.41 , 7.238e-1
484.46 , 9.857e-1
484.51 , 1.317e+0
484.56 , 1.726e+0
484.61 , 2.221e+0
484.66 , 2.807e+0
484.71 , 3.484e+0
484.76 , 4.248e+0
484.81 , 5.092e+0
484.86 , 6.002e+0
484.91 , 6.958e+0
484.96 , 7.938e+0
485.01 , 8.915e+0
485.06 , 9.857e+0
485.11 , 1.073e+1
485.16 , 1.151e+1
485.21 , 1.216e+1
485.26 , 1.265e+1
485.31 , 1.297e+1
485.36 , 1.309e+1
485.41 , 1.301e+1
485.46 , 1.273e+1
485.51 , 1.226e+1
485.56 , 1.161e+1
485.61 , 1.081e+1
485.66 , 9.898e+0
485.71 , 8.905e+0
485.76 , 7.870e+0
485.81 , 6.830e+0
485.86 , 5.818e+0
485.91 , 4.864e+0
485.96 , 3.989e+0
486.01 , 3.209e+0
486.06 , 2.532e+0
486.11 , 1.958e+0
486.16 , 1.484e+0
486.21 , 1.103e+0
486.26 , 8.027e-1
486.31 , 5.725e-1
486.36 , 4.001e-1
486.41 , 2.739e-1
486.46 , 1.836e-1
486.51 , 1.206e-1
486.56 , 7.756e-2
486.61 , 4.886e-2
486.66 , 3.014e-2
486.71 , 1.820e-2
486.76 , 1.077e-2
486.81 , 6.235e-3
486.86 , 3.536e-3
486.91 , 1.963e-3
486.96 , 1.067e-3
487.01 , 5.682e-4
487.06 , 2.961e-4
487.11 , 1.511e-4
487.16 , 7.548e-5
487.21 , 3.692e-5
487.26 , 1.768e-5
487.31 , 8.289e-6
487.36 , 3.805e-6
487.41 , 1.710e-6
487.46 , 7.522e-7
487.51 , 3.240e-7
487.56 , 1.366e-7
487.61 , 5.644e-8
487.66 , 2.288e-8
487.71 , 9.239e-9
487.76 , 4.083e-9
487.81 , 2.892e-9
487.86 , 4.579e-9
487.91 , 1.063e-8
487.96 , 2.622e-8
488.01 , 6.418e-8
488.06 , 1.541e-7
488.11 , 3.625e-7
488.16 , 8.351e-7
488.21 , 1.884e-6
488.26 , 4.164e-6
488.31 , 9.013e-6
488.36 , 1.911e-5
488.41 , 3.967e-5
488.46 , 8.066e-5
488.51 , 1.606e-4
488.56 , 3.133e-4
488.61 , 5.986e-4
488.66 , 1.120e-3
488.71 , 2.053e-3
488.76 , 3.684e-3
488.81 , 6.476e-3
488.86 , 1.115e-2
488.91 , 1.880e-2
488.96 , 3.106e-2
489.01 , 5.025e-2
489.06 , 7.962e-2
489.11 , 1.236e-1
489.16 , 1.879e-1
489.21 , 2.798e-1
489.26 , 4.082e-1
489.31 , 5.834e-1
489.36 , 8.169e-1
489.41 , 1.121e+0
489.46 , 1.507e+0
489.51 , 1.986e+0
489.56 , 2.566e+0
489.61 , 3.252e+0
489.66 , 4.044e+0
489.71 , 4.936e+0
489.76 , 5.920e+0
489.81 , 6.982e+0
489.86 , 8.108e+0
489.91 , 9.288e+0
489.96 , 1.052e+1
490.01 , 1.179e+1
490.06 , 1.314e+1
490.11 , 1.460e+1
490.16 , 1.621e+1
490.21 , 1.804e+1
490.26 , 2.016e+1
490.31 , 2.265e+1
490.36 , 2.559e+1
490.41 , 2.901e+1
490.46 , 3.294e+1
490.51 , 3.734e+1
490.56 , 4.215e+1
490.61 , 4.725e+1
490.66 , 5.246e+1
490.71 , 5.758e+1
490.76 , 6.239e+1
490.81 , 6.666e+1
490.86 , 7.019e+1
490.91 , 7.283e+1
490.96 , 7.447e+1
491.01 , 7.510e+1
491.06 , 7.477e+1
491.11 , 7.361e+1
491.16 , 7.180e+1
491.21 , 6.959e+1
491.26 , 6.720e+1
491.31 , 6.487e+1
491.36 , 6.279e+1
491.41 , 6.111e+1
491.46 , 5.988e+1
491.51 , 5.911e+1
491.56 , 5.870e+1
491.61 , 5.853e+1
491.66 , 5.843e+1
491.71 , 5.819e+1
491.76 , 5.766e+1
491.81 , 5.666e+1
491.86 , 5.511e+1
491.91 , 5.297e+1
491.96 , 5.025e+1
492.01 , 4.704e+1
492.06 , 4.347e+1
492.11 , 3.971e+1
492.16 , 3.595e+1
492.21 , 3.237e+1
492.26 , 2.917e+1
492.31 , 2.651e+1
492.36 , 2.450e+1
492.41 , 2.326e+1
492.46 , 2.283e+1
492.51 , 2.326e+1
492.56 , 2.454e+1
492.61 , 2.662e+1
492.66 , 2.944e+1
492.71 , 3.289e+1
492.76 , 3.683e+1
492.81 , 4.109e+1
492.86 , 4.548e+1
492.91 , 4.979e+1
492.96 , 5.378e+1
493.01 , 5.724e+1
493.06 , 5.998e+1
493.11 , 6.184e+1
493.16 , 6.271e+1
493.21 , 6.256e+1
493.26 , 6.138e+1
493.31 , 5.926e+1
493.36 , 5.633e+1
493.41 , 5.274e+1
493.46 , 4.868e+1
493.51 , 4.434e+1
493.56 , 3.989e+1
493.61 , 3.548e+1
493.66 , 3.123e+1
493.71 , 2.724e+1
493.76 , 2.356e+1
493.81 , 2.021e+1
493.86 , 1.721e+1
493.91 , 1.455e+1
493.96 , 1.220e+1
494.01 , 1.016e+1
494.06 , 8.392e+0
494.11 , 6.885e+0
494.16 , 5.625e+0
494.21 , 4.603e+0
494.26 , 3.816e+0
494.31 , 3.267e+0
494.36 , 2.969e+0
494.41 , 2.942e+0
494.46 , 3.214e+0
494.51 , 3.825e+0
494.56 , 4.821e+0
494.61 , 6.255e+0
494.66 , 8.177e+0
494.71 , 1.063e+1
494.76 , 1.366e+1
494.81 , 1.726e+1
494.86 , 2.142e+1
494.91 , 2.608e+1
494.96 , 3.112e+1
495.01 , 3.639e+1
495.06 , 4.171e+1
495.11 , 4.684e+1
495.16 , 5.155e+1
495.21 , 5.558e+1
495.26 , 5.872e+1
495.31 , 6.079e+1
495.36 , 6.167e+1
495.41 , 6.129e+1
495.46 , 5.969e+1
495.51 , 5.696e+1
495.56 , 5.325e+1
495.61 , 4.878e+1
495.66 , 4.379e+1
495.71 , 3.852e+1
495.76 , 3.319e+1
495.81 , 2.803e+1
495.86 , 2.319e+1
495.91 , 1.880e+1
495.96 , 1.493e+1
496.01 , 1.162e+1
496.06 , 8.864e+0
496.11 , 6.623e+0
496.16 , 4.850e+0
496.21 , 3.479e+0
496.26 , 2.446e+0
496.31 , 1.684e+0
496.36 , 1.137e+0
496.41 , 7.517e-1
496.46 , 4.870e-1
496.51 , 3.092e-1
496.56 , 1.923e-1
496.61 , 1.172e-1
496.66 , 7.002e-2
496.71 , 4.099e-2
496.76 , 2.354e-2
496.81 , 1.330e-2
496.86 , 7.467e-3
496.91 , 4.316e-3
496.96 , 2.833e-3
497.01 , 2.504e-3
497.06 , 3.177e-3
497.11 , 5.018e-3
497.16 , 8.522e-3
497.21 , 1.459e-2
497.26 , 2.469e-2
497.31 , 4.104e-2
497.36 , 6.690e-2
497.41 , 1.069e-1
497.46 , 1.674e-1
497.51 , 2.569e-1
497.56 , 3.865e-1
497.61 , 5.699e-1
497.66 , 8.235e-1
497.71 , 1.166e+0
497.76 , 1.619e+0
497.81 , 2.202e+0
497.86 , 2.936e+0
497.91 , 3.837e+0
497.96 , 4.914e+0
498.01 , 6.169e+0
498.06 , 7.589e+0
498.11 , 9.150e+0
498.16 , 1.081e+1
498.21 , 1.252e+1
498.26 , 1.422e+1
498.31 , 1.581e+1
498.36 , 1.724e+1
498.41 , 1.843e+1
498.46 , 1.930e+1
498.51 , 1.981e+1
498.56 , 1.993e+1
498.61 , 1.965e+1
498.66 , 1.899e+1
498.71 , 1.799e+1
498.76 , 1.670e+1
498.81 , 1.519e+1
498.86 , 1.355e+1
498.91 , 1.184e+1
498.96 , 1.014e+1
499.01 , 8.511e+0
499.06 , 7.003e+0
499.11 , 5.647e+0
499.16 , 4.464e+0
499.21 , 3.459e+0
499.26 , 2.628e+0
499.31 , 1.960e+0
499.36 , 1.438e+0
499.41 , 1.042e+0
499.46 , 7.527e-1
499.51 , 5.540e-1
499.56 , 4.319e-1
499.61 , 3.767e-1
499.66 , 3.835e-1
499.71 , 4.524e-1
499.76 , 5.882e-1
499.81 , 8.001e-1
499.86 , 1.102e+0
499.91 , 1.510e+0
499.96 , 2.042e+0
500.01 , 2.720e+0
500.06 , 3.560e+0
500.11 , 4.579e+0
500.16 , 5.787e+0
500.21 , 7.188e+0
500.26 , 8.779e+0
500.31 , 1.055e+1
500.36 , 1.247e+1
500.41 , 1.451e+1
500.46 , 1.664e+1
500.51 , 1.882e+1
500.56 , 2.099e+1
500.61 , 2.311e+1
500.66 , 2.513e+1
500.71 , 2.701e+1
500.76 , 2.872e+1
500.81 , 3.021e+1
500.86 , 3.145e+1
500.91 , 3.242e+1
500.96 , 3.308e+1
501.01 , 3.342e+1
501.06 , 3.342e+1
501.11 , 3.307e+1
501.16 , 3.237e+1
501.21 , 3.132e+1
501.26 , 2.995e+1
501.31 , 2.831e+1
501.36 , 2.643e+1
501.41 , 2.439e+1
501.46 , 2.225e+1
501.51 , 2.009e+1
501.56 , 1.797e+1
501.61 , 1.597e+1
501.66 , 1.414e+1
501.71 , 1.251e+1
501.76 , 1.110e+1
501.81 , 9.922e+0
501.86 , 8.961e+0
501.91 , 8.192e+0
501.96 , 7.582e+0
502.01 , 7.091e+0
502.06 , 6.680e+0
502.11 , 6.313e+0
502.16 , 5.960e+0
502.21 , 5.597e+0
502.26 , 5.211e+0
502.31 , 4.796e+0
502.36 , 4.353e+0
502.41 , 3.891e+0
502.46 , 3.421e+0
502.51 , 2.955e+0
502.56 , 2.507e+0
502.61 , 2.087e+0
502.66 , 1.705e+0
502.71 , 1.366e+0
502.76 , 1.074e+0
502.81 , 8.275e-1
502.86 , 6.254e-1
502.91 , 4.634e-1
502.96 , 3.366e-1
503.01 , 2.398e-1
503.06 , 1.674e-1
503.11 , 1.146e-1
503.16 , 7.695e-2
503.21 , 5.065e-2
503.26 , 3.269e-2
503.31 , 2.070e-2
503.36 , 1.290e-2
503.41 , 7.966e-3
503.46 , 4.995e-3
503.51 , 3.399e-3
503.56 , 2.863e-3
503.61 , 3.319e-3
503.66 , 4.962e-3
503.71 , 8.311e-3
503.76 , 1.432e-2
503.81 , 2.457e-2
503.86 , 4.154e-2
503.91 , 6.896e-2
503.96 , 1.123e-1
504.01 , 1.794e-1
504.06 , 2.809e-1
504.11 , 4.314e-1
504.16 , 6.498e-1
504.21 , 9.596e-1
504.26 , 1.390e+0
504.31 , 1.974e+0
504.36 , 2.749e+0
504.41 , 3.754e+0
504.46 , 5.027e+0
504.51 , 6.602e+0
504.56 , 8.502e+0
504.61 , 1.074e+1
504.66 , 1.330e+1
504.71 , 1.616e+1
504.76 , 1.925e+1
504.81 , 2.250e+1
504.86 , 2.579e+1
504.91 , 2.901e+1
504.96 , 3.202e+1
505.01 , 3.467e+1
505.06 , 3.686e+1
505.11 , 3.848e+1
505.16 , 3.947e+1
505.21 , 3.979e+1
505.26 , 3.945e+1
505.31 , 3.853e+1
505.36 , 3.709e+1
505.41 , 3.526e+1
505.46 , 3.317e+1
505.51 , 3.095e+1
505.56 , 2.874e+1
505.61 , 2.665e+1
505.66 , 2.479e+1
505.71 , 2.322e+1
505.76 , 2.200e+1
505.81 , 2.118e+1
505.86 , 2.077e+1
505.91 , 2.078e+1
505.96 , 2.121e+1
506.01 , 2.204e+1
506.06 , 2.326e+1
506.11 , 2.482e+1
506.16 , 2.668e+1
506.21 , 2.875e+1
506.26 , 3.096e+1
506.31 , 3.320e+1
506.36 , 3.533e+1
506.41 , 3.725e+1
506.46 , 3.881e+1
506.51 , 3.991e+1
506.56 , 4.045e+1
506.61 , 4.038e+1
506.66 , 3.967e+1
506.71 , 3.833e+1
506.76 , 3.640e+1
506.81 , 3.397e+1
506.86 , 3.115e+1
506.91 , 2.806e+1
506.96 , 2.482e+1
507.01 , 2.156e+1
507.06 , 1.839e+1
507.11 , 1.541e+1
507.16 , 1.267e+1
507.21 , 1.023e+1
507.26 , 8.107e+0
507.31 , 6.309e+0
507.36 , 4.820e+0
507.41 , 3.616e+0
507.46 , 2.665e+0
507.51 , 1.931e+0
507.56 , 1.378e+0
507.61 , 9.727e-1
507.66 , 6.866e-1
507.71 , 4.949e-1
507.76 , 3.790e-1
507.81 , 3.256e-1
507.86 , 3.265e-1
507.91 , 3.786e-1
507.96 , 4.825e-1
508.01 , 6.425e-1
508.06 , 8.653e-1
508.11 , 1.159e+0
508.16 , 1.533e+0
508.21 , 1.995e+0
508.26 , 2.551e+0
508.31 , 3.203e+0
508.36 , 3.950e+0
508.41 , 4.782e+0
508.46 , 5.686e+0
508.51 , 6.642e+0
508.56 , 7.624e+0
508.61 , 8.602e+0
508.66 , 9.544e+0
508.71 , 1.042e+1
508.76 , 1.120e+1
508.81 , 1.186e+1
508.86 , 1.238e+1
508.91 , 1.277e+1
508.96 , 1.304e+1
509.01 , 1.322e+1
509.06 , 1.336e+1
509.11 , 1.357e+1
509.16 , 1.397e+1
509.21 , 1.478e+1
509.26 , 1.630e+1
509.31 , 1.897e+1
509.36 , 2.339e+1
509.41 , 3.041e+1
509.47 , 4.384e+1
509.52 , 6.096e+1
509.57 , 8.549e+1
509.62 , 1.197e+2
509.67 , 1.664e+2
509.72 , 2.283e+2
509.77 , 3.088e+2
509.82 , 4.108e+2
509.87 , 5.369e+2
509.92 , 6.891e+2
509.97 , 8.682e+2
510.02 , 1.073e+3
510.07 , 1.302e+3
510.12 , 1.550e+3
510.17 , 1.811e+3
510.22 , 2.075e+3
510.27 , 2.332e+3
510.32 , 2.572e+3
510.37 , 2.782e+3
510.42 , 2.952e+3
510.47 , 3.074e+3
510.52 , 3.139e+3
510.57 , 3.145e+3
510.62 , 3.091e+3
510.67 , 2.981e+3
510.72 , 2.819e+3
510.77 , 2.616e+3
510.82 , 2.382e+3
510.87 , 2.127e+3
510.92 , 1.863e+3
510.97 , 1.601e+3
511.02 , 1.350e+3
511.07 , 1.116e+3
511.12 , 9.057e+2
511.17 , 7.209e+2
511.22 , 5.629e+2
511.27 , 4.311e+2
511.32 , 3.240e+2
511.37 , 2.388e+2
511.42 , 1.727e+2
511.47 , 1.225e+2
511.52 , 8.525e+1
511.57 , 5.820e+1
511.62 , 3.898e+1
511.67 , 2.561e+1
511.72 , 1.650e+1
511.77 , 1.044e+1
511.82 , 6.472e+0
511.87 , 3.938e+0
511.92 , 2.351e+0
511.97 , 1.377e+0
512.02 , 7.908e-1
512.07 , 4.456e-1
512.12 , 2.464e-1
512.17 , 1.336e-1
512.22 , 7.108e-2
512.27 , 3.710e-2
512.32 , 1.899e-2
512.37 , 9.540e-3
512.42 , 4.701e-3
512.47 , 2.272e-3
512.52 , 1.077e-3
512.57 , 5.012e-4
512.62 , 2.287e-4
512.67 , 1.024e-4
512.72 , 4.504e-5
512.77 , 1.957e-5
512.82 , 8.710e-6
512.87 , 4.724e-6
512.92 , 4.694e-6
512.97 , 8.654e-6
513.02 , 1.967e-5
513.07 , 4.589e-5
513.12 , 1.059e-4
513.17 , 2.402e-4
513.22 , 5.346e-4
513.27 , 1.168e-3
513.32 , 2.504e-3
513.37 , 5.267e-3
513.42 , 1.087e-2
513.47 , 2.203e-2
513.52 , 4.380e-2
513.57 , 8.546e-2
513.62 , 1.636e-1
513.67 , 3.075e-1
513.72 , 5.670e-1
513.77 , 1.026e+0
513.82 , 1.822e+0
513.87 , 3.175e+0
513.92 , 5.430e+0
513.97 , 9.113e+0
514.02 , 1.501e+1
514.07 , 2.426e+1
514.12 , 3.848e+1
514.17 , 5.989e+1
514.22 , 9.148e+1
514.27 , 1.371e+2
514.32 , 2.017e+2
514.37 , 2.912e+2
514.42 , 4.126e+2
514.47 , 5.736e+2
514.52 , 7.826e+2
514.57 , 1.048e+3
514.62 , 1.377e+3
514.67 , 1.775e+3
514.72 , 2.246e+3
514.77 , 2.789e+3
514.82 , 3.399e+3
514.87 , 4.064e+3
514.92 , 4.770e+3
514.97 , 5.493e+3
515.02 , 6.208e+3
515.07 , 6.886e+3
515.12 , 7.495e+3
515.17 , 8.005e+3
515.22 , 8.391e+3
515.27 , 8.631e+3
515.32 , 8.713e+3
515.37 , 8.631e+3
515.42 , 8.391e+3
515.47 , 8.005e+3
515.52 , 7.495e+3
515.57 , 6.886e+3
515.62 , 6.208e+3
515.67 , 5.493e+3
515.72 , 4.770e+3
515.77 , 4.064e+3
515.82 , 3.399e+3
515.87 , 2.789e+3
515.92 , 2.246e+3
515.97 , 1.775e+3
516.02 , 1.377e+3
516.07 , 1.048e+3
516.12 , 7.826e+2
516.17 , 5.736e+2
516.22 , 4.126e+2
516.27 , 2.912e+2
516.32 , 2.017e+2
516.37 , 1.371e+2
516.42 , 9.148e+1
516.47 , 5.989e+1
516.52 , 3.848e+1
516.57 , 2.426e+1
516.62 , 1.501e+1
516.67 , 9.113e+0
516.72 , 5.430e+0
516.77 , 3.175e+0
516.82 , 1.822e+0
516.87 , 1.026e+0
516.92 , 5.670e-1
516.97 , 3.075e-1
517.02 , 1.636e-1
517.07 , 8.546e-2
517.12 , 4.380e-2
517.17 , 2.203e-2
517.22 , 1.087e-2
517.27 , 5.267e-3
517.32 , 2.504e-3
517.37 , 1.168e-3
517.42 , 5.346e-4
517.47 , 2.402e-4
517.52 , 1.059e-4
517.57 , 4.581e-5
517.62 , 1.945e-5
517.67 , 8.104e-6
517.72 , 3.313e-6
517.77 , 1.329e-6
517.82 , 5.235e-7
517.87 , 2.023e-7
517.92 , 7.671e-8
517.97 , 2.855e-8
518.02 , 1.043e-8
518.07 , 3.736e-9
518.12 , 1.314e-9
518.17 , 4.536e-10
518.22 , 1.536e-10
518.27 , 5.106e-11
518.32 , 1.666e-11
518.37 , 5.332e-12
518.42 , 1.675e-12
518.67 , 2.408e-12
518.72 , 7.587e-12
518.77 , 2.347e-11
518.82 , 7.128e-11
518.87 , 2.130e-10
518.92 , 6.236e-10
518.97 , 1.793e-9
519.02 , 5.060e-9
519.07 , 1.402e-8
519.12 , 3.815e-8
519.17 , 1.019e-7
519.22 , 2.673e-7
519.27 , 6.883e-7
519.32 , 1.740e-6
519.37 , 4.320e-6
519.42 , 1.053e-5
519.47 , 2.519e-5
519.52 , 5.919e-5
519.57 , 1.365e-4
519.62 , 3.092e-4
519.67 , 6.876e-4
519.72 , 1.501e-3
519.77 , 3.218e-3
519.82 , 6.773e-3
519.87 , 1.400e-2
519.92 , 2.840e-2
519.97 , 5.657e-2
520.02 , 1.106e-1
520.07 , 2.125e-1
520.12 , 4.006e-1
520.17 , 7.417e-1
520.22 , 1.348e+0
520.27 , 2.406e+0
520.32 , 4.217e+0
520.37 , 7.256e+0
520.42 , 1.226e+1
520.47 , 2.034e+1
520.52 , 3.313e+1
520.57 , 5.298e+1
520.62 , 8.320e+1
520.67 , 1.283e+2
520.72 , 1.942e+2
520.77 , 2.888e+2
520.82 , 4.216e+2
520.87 , 6.043e+2
520.92 , 8.506e+2
520.97 , 1.176e+3
521.02 , 1.596e+3
521.07 , 2.127e+3
521.12 , 2.783e+3
521.17 , 3.577e+3
521.22 , 4.515e+3
521.27 , 5.596e+3
521.32 , 6.811e+3
521.37 , 8.141e+3
521.42 , 9.557e+3
521.47 , 1.102e+4
521.52 , 1.247e+4
521.57 , 1.387e+4
521.62 , 1.515e+4
521.67 , 1.625e+4
521.72 , 1.712e+4
521.77 , 1.771e+4
521.82 , 1.800e+4
521.87 , 1.797e+4
521.92 , 1.763e+4
521.97 , 1.698e+4
522.02 , 1.607e+4
522.07 , 1.494e+4
522.12 , 1.364e+4
522.17 , 1.224e+4
522.22 , 1.079e+4
522.27 , 9.341e+3
522.32 , 7.947e+3
522.37 , 6.644e+3
522.42 , 5.458e+3
522.47 , 4.405e+3
522.52 , 3.494e+3
522.57 , 2.723e+3
522.62 , 2.086e+3
522.67 , 1.570e+3
522.72 , 1.161e+3
522.77 , 8.442e+2
522.82 , 6.032e+2
522.87 , 4.236e+2
522.92 , 2.924e+2
522.97 , 1.984e+2
523.02 , 1.323e+2
523.07 , 8.673e+1
523.12 , 5.588e+1
523.17 , 3.539e+1
523.22 , 2.204e+1
523.27 , 1.349e+1
523.32 , 8.114e+0
523.37 , 4.799e+0
523.42 , 2.790e+0
523.47 , 1.594e+0
523.52 , 8.958e-1
523.57 , 4.947e-1
523.62 , 2.685e-1
523.67 , 1.433e-1
523.72 , 7.516e-2
523.77 , 3.875e-2
523.82 , 1.964e-2
523.87 , 9.783e-3
523.92 , 4.789e-3
523.97 , 2.305e-3
524.02 , 1.090e-3
524.07 , 5.066e-4
524.12 , 2.314e-4
524.17 , 1.039e-4
524.22 , 4.583e-5
524.27 , 1.986e-5
524.32 , 8.462e-6
524.37 , 3.542e-6
524.42 , 1.457e-6
524.47 , 5.886e-7
524.52 , 2.337e-7
524.57 , 9.115e-8
524.62 , 3.493e-8
524.67 , 1.315e-8
524.72 , 4.864e-9
524.77 , 1.767e-9
524.82 , 6.307e-10
524.87 , 2.211e-10
524.92 , 7.616e-11
524.97 , 2.576e-11
525.02 , 7.809e-12
525.07 , 2.564e-12
525.12 , 8.264e-13
526.07 , 1.376e-13
526.12 , 4.245e-13
526.17 , 1.286e-12
526.22 , 3.828e-12
526.27 , 1.119e-11
526.32 , 3.214e-11
526.37 , 9.067e-11
526.42 , 2.513e-10
526.47 , 6.839e-10
526.52 , 1.829e-9
526.57 , 4.804e-9
526.62 , 1.239e-8
526.67 , 3.141e-8
526.72 , 7.821e-8
526.77 , 1.913e-7
526.82 , 4.595e-7
526.87 , 1.084e-6
526.92 , 2.514e-6
526.97 , 5.724e-6
527.02 , 1.280e-5
527.07 , 2.813e-5
527.12 , 6.071e-5
527.17 , 1.287e-4
527.22 , 2.681e-4
527.27 , 5.485e-4
527.32 , 1.102e-3
527.37 , 2.176e-3
527.42 , 4.219e-3
527.47 , 8.037e-3
527.52 , 1.504e-2
527.57 , 2.764e-2
527.62 , 4.990e-2
527.67 , 8.851e-2
527.72 , 1.542e-1
527.77 , 2.639e-1
527.82 , 4.436e-1
527.87 , 7.326e-1
527.92 , 1.188e+0
527.97 , 1.894e+0
528.02 , 2.964e+0
528.07 , 4.557e+0
528.12 , 6.883e+0
528.17 , 1.021e+1
528.22 , 1.488e+1
528.27 , 2.131e+1
528.32 , 2.996e+1
528.37 , 4.139e+1
528.42 , 5.616e+1
528.47 , 7.486e+1
528.52 , 9.802e+1
528.57 , 1.261e+2
528.62 , 1.593e+2
528.67 , 1.977e+2
528.72 , 2.410e+2
528.77 , 2.886e+2
528.82 , 3.395e+2
528.87 , 3.923e+2
528.92 , 4.453e+2
528.97 , 4.966e+2
529.02 , 5.439e+2
529.07 , 5.852e+2
529.12 , 6.185e+2
529.17 , 6.421e+2
529.22 , 6.549e+2
529.27 , 6.560e+2
529.32 , 6.456e+2
529.37 , 6.240e+2
529.42 , 5.926e+2
529.47 , 5.527e+2
529.52 , 5.064e+2
529.57 , 4.558e+2
529.62 , 4.030e+2
529.67 , 3.500e+2
529.72 , 2.986e+2
529.77 , 2.502e+2
529.82 , 2.060e+2
529.87 , 1.665e+2
529.92 , 1.323e+2
529.97 , 1.032e+2
530.02 , 7.912e+1
530.07 , 5.957e+1
530.12 , 4.406e+1
530.17 , 3.201e+1
530.22 , 2.284e+1
530.27 , 1.601e+1
530.32 , 1.103e+1
530.37 , 7.458e+0
530.42 , 4.956e+0
530.47 , 3.235e+0
530.52 , 2.074e+0
530.57 , 1.306e+0
530.62 , 8.082e-1
530.67 , 4.911e-1
530.72 , 2.932e-1
530.77 , 1.719e-1
530.82 , 9.904e-2
530.87 , 5.604e-2
530.92 , 3.115e-2
530.97 , 1.701e-2
531.02 , 9.123e-3
531.07 , 4.806e-3
531.12 , 2.487e-3
531.17 , 1.265e-3
531.22 , 6.315e-4
531.27 , 3.098e-4
531.32 , 1.493e-4
531.37 , 7.066e-5
531.42 , 3.286e-5
531.47 , 1.501e-5
531.52 , 6.733e-6
531.57 , 2.967e-6
531.62 , 1.285e-6
531.67 , 5.463e-7
531.72 , 2.282e-7
531.77 , 9.366e-8
531.82 , 3.775e-8
531.87 , 1.495e-8
531.92 , 5.815e-9
531.97 , 2.222e-9
532.02 , 8.338e-10
532.07 , 3.074e-10
532.12 , 1.113e-10
532.17 , 3.961e-11
532.22 , 1.384e-11
532.27 , 4.751e-12
532.32 , 1.602e-12
532.37 , 5.306e-13
532.42 , 1.727e-13
590.54 , 7.458e-16
590.59 , 2.042e-15
590.64 , 5.512e-15
590.69 , 1.467e-14
590.74 , 3.849e-14
590.79 , 9.956e-14
590.84 , 2.539e-13
590.89 , 6.386e-13
590.94 , 1.583e-12
590.99 , 3.870e-12
591.04 , 9.328e-12
591.09 , 2.216e-11
591.14 , 5.192e-11
591.19 , 1.199e-10
591.24 , 2.731e-10
591.29 , 6.133e-10
591.34 , 1.358e-9
591.39 , 2.963e-9
591.44 , 6.376e-9
591.49 , 1.353e-8
591.54 , 2.830e-8
591.59 , 5.836e-8
591.64 , 1.187e-7
591.69 , 2.379e-7
591.74 , 4.702e-7
591.79 , 9.162e-7
591.84 , 1.760e-6
591.89 , 3.335e-6
591.94 , 6.228e-6
591.99 , 1.147e-5
592.04 , 2.082e-5
592.09 , 3.727e-5
592.14 , 6.577e-5
592.19 , 1.144e-4
592.24 , 1.963e-4
592.29 , 3.320e-4
592.34 , 5.537e-4
592.39 , 9.103e-4
592.44 , 1.476e-3
592.49 , 2.358e-3
592.54 , 3.716e-3
592.59 , 5.773e-3
592.64 , 8.842e-3
592.69 , 1.335e-2
592.74 , 1.988e-2
592.79 , 2.919e-2
592.84 , 4.224e-2
592.89 , 6.028e-2
592.94 , 8.480e-2
592.99 , 1.176e-1
593.04 , 1.609e-1
593.09 , 2.169e-1
593.14 , 2.884e-1
593.19 , 3.779e-1
593.24 , 4.884e-1
593.29 , 6.223e-1
593.34 , 7.817e-1
593.39 , 9.681e-1
593.44 , 1.182e+0
593.49 , 1.423e+0
593.54 , 1.689e+0
593.59 , 1.977e+0
593.64 , 2.281e+0
593.69 , 2.595e+0
593.74 , 2.910e+0
593.79 , 3.218e+0
593.84 , 3.508e+0
593.89 , 3.771e+0
593.94 , 3.997e+0
593.99 , 4.176e+0
594.04 , 4.302e+0
594.09 , 4.370e+0
594.14 , 4.376e+0
594.19 , 4.321e+0
594.24 , 4.206e+0
594.29 , 4.037e+0
594.34 , 3.820e+0
594.39 , 3.564e+0
594.44 , 3.278e+0
594.49 , 2.973e+0
594.54 , 2.658e+0
594.59 , 2.343e+0
594.64 , 2.036e+0
594.69 , 1.745e+0
594.74 , 1.474e+0
594.79 , 1.228e+0
594.84 , 1.009e+0
594.89 , 8.167e-1
594.94 , 6.520e-1
594.99 , 5.132e-1
595.04 , 3.983e-1
595.09 , 3.047e-1
595.14 , 2.299e-1
595.19 , 1.710e-1
595.24 , 1.254e-1
595.29 , 9.064e-2
595.34 , 6.461e-2
595.39 , 4.541e-2
595.44 , 3.146e-2
595.49 , 2.149e-2
595.54 , 1.448e-2
595.59 , 9.613e-3
595.64 , 6.294e-3
595.69 , 4.063e-3
595.74 , 2.586e-3
595.79 , 1.623e-3
595.84 , 1.004e-3
595.89 , 6.123e-4
595.94 , 3.682e-4
595.99 , 2.183e-4
596.04 , 1.276e-4
596.09 , 7.356e-5
596.14 , 4.180e-5
596.19 , 2.342e-5
596.24 , 1.294e-5
596.29 , 7.045e-6
596.34 , 3.783e-6
596.39 , 2.003e-6
596.44 , 1.045e-6
596.49 , 5.379e-7
596.54 , 2.729e-7
596.59 , 1.365e-7
596.64 , 6.733e-8
596.69 , 3.274e-8
596.74 , 1.570e-8
596.79 , 7.419e-9
596.84 , 3.458e-9
596.89 , 1.589e-9
596.94 , 7.197e-10
596.99 , 3.215e-10
597.04 , 1.416e-10
597.09 , 6.146e-11
597.14 , 2.631e-11
597.19 , 1.110e-11
597.24 , 4.620e-12
597.29 , 1.895e-12
597.34 , 7.666e-13
597.39 , 3.057e-13
597.44 , 1.202e-13
597.49 , 4.660e-14
597.54 , 1.781e-14
597.59 , 6.711e-15
597.64 , 2.493e-15
597.69 , 9.133e-16
